,addr_area,addr_city,addr_county,addr_province,address,address_hashid,avatar,bonus,company_hashid,company_id,company_url_hash,created,creator,creator_name,deadline_end,deadline_start,deleted,deletor,edu_level,exp_level,finished_date,full_name,fund,hashid,id,industry,job_category,latitude,logo,longitude,pay_range_from,pay_range_to,remain_bonus,scale,seq,short_name,skills,source,source_id,status,street,street_number,summary,summary_short,title,updated,updator,url_hash,website,work_type
0,,杭州,滨江区,浙江,滨江区英飞特大厦,fe40448c0f9dcc79fda2d43fc884ff0b,public://avatar/2018/03-02/100458625551304869.png,0,459913b21c76d56b63553c1c55f93565,63,72e63d0faa,1519973449,34191,Jean,,,0,0,本科,应届生,,杭州旦悦科技有限公司,B轮,658e3842209ca7485d32b63f38f22349,8996,教育培训,设计#视觉设计#游戏动作,30.185,https://api.neituixiaowangzi.com/files/company/2017/08-08/231627019231015885.jpg,120.20181,5,9,0,500-2000人,,abc360,,,,开放,英飞特大厦,,"岗位职责：
1、根据要求，独立使用Spine软件完成骨骼动画制作；
2、依据脚本内容，独立设计制作青少年英语教学动画；
3、根据要求，独立进行视频剪辑、动效制作等；
任职资格：
1、动画、影视后期、艺术设计类相关专业优先；
2、熟练操作Spine、AE、PS、Ai等软件，会使用Flash软件优先考虑；
3、1-3年动画工作经验；
4、有青少年动画制作经验、熟悉青少年喜欢绘画风格者优先；
5、工作细心、乐观好学、具有团队精神；",,动画师,1519973449,0,18cd34fc92,www.abc360.com,
1,,杭州,滨江区,浙江,滨江区英飞特大厦,fe40448c0f9dcc79fda2d43fc884ff0b,public://avatar/2018/03-02/100458625551304869.png,0,459913b21c76d56b63553c1c55f93565,63,72e63d0faa,1519973289,34191,Jean,,,0,0,本科,1-3年,,杭州旦悦科技有限公司,B轮,451f0a433373cd551842332746b55528,8994,教育培训,设计#视觉设计#原画师,30.185,https://api.neituixiaowangzi.com/files/company/2017/08-08/231627019231015885.jpg,120.20181,12,15,0,500-2000人,,abc360,,,,开放,英飞特大厦,,"岗位职责：
1.根据项目内容和题材设定进行原画风格设计；
2.根据项目内容和题材设定进行原画的绘制（场景为主，少儿Q版风格，少量角色）；
3.负责外包美术质量的审核。

任职资格：
1.热爱游戏动漫事业；
2.熟悉少儿类项目，擅长Q版原画设计；
3.强烈的团队合作意识、协作精神和敬业精神，吃苦耐劳，能承受一定的工作压力；
4.熟悉各种游戏美术风格，具有扎实的美术功底和造型设计能力；
5.熟悉掌握Flash、AE、PS等绘画软件，擅长矢量原画者优先；
6.三年以上游戏原画工作经验者优先；
7.应聘者请提供简历及近期作品。",,资深原画师,1519973289,0,258a59b3ee,www.abc360.com,
2,,杭州,滨江区,浙江,滨江区英飞特大厦,fe40448c0f9dcc79fda2d43fc884ff0b,public://avatar/2018/03-02/100458625551304869.png,0,459913b21c76d56b63553c1c55f93565,63,72e63d0faa,1519973180,34191,Jean,,,0,0,本科,1-3年,,杭州旦悦科技有限公司,B轮,d757c9e6d689dc82dccdbc8128f588ee,8993,教育培训,设计#用户研究#用户研究员,30.185,https://api.neituixiaowangzi.com/files/company/2017/08-08/231627019231015885.jpg,120.20181,8,12,0,500-2000人,,abc360,,,,开放,英飞特大厦,,"岗位职责：
1. 负责产品的用户研究、市场研究工作，提供产品整个生命周期中的策略支持、用户验证。
2. 配合产品经理，针对产品使用问题，开展用户调研以及可用性测试。
3. 独立完成用研项目的全套流程，包括需求分析、研究目的和内容提炼、用研方法设计，数据分析，报告撰写。
4. 负责管理产品的体验，跟踪产品的体验效果，持续改善产品的用户体验，不断改进产品功能。
5. 从用户角度，全面梳理产品流程，并结合相关数据分析，积极推动流程优化。
6. 研究内容包括但不限于：细分市场研究、用户群体的行为和态度分析、目标用户验证、产品DEMO版本用户体验验证、可用性测试、满意度研究等。

任职资格：
1. 2年以上用户研究工作经验（甲方的用户研究工作经验或市场调查公司经验）。
2. 能够独立负责用户研究、市场研究项目，有过大型的调研项目经验。
3. 熟悉各种用研方法，有极强的定性访谈及定量数据分析能力。 
4. 熟练使用Office办公工具；熟练使用Excel、SPSS或SAS等统计软件。
5. 客观、严谨，逻辑思维能力强；性格开朗、善于沟通、有亲和力，表达能力优秀。
6. 良好的沟通及表达能力（中英文），有游戏、教育行业相关工作经验者优先。",,用户调研员,1519973180,0,7de1dc7fce,www.abc360.com,
3,,深圳,福田区,广东,福田区华富路1018号中航中心,6d3fa1e6b4ded73110d9df3df0dadb8b,public://avatar/2018/02-28/125127608687391081.png,0,4eb0a02dd4c7a43d7ba76914c5285e1e,37326,2bdcb6fdc7,1519965846,29372,Michael,,,0,0,本科,1-3年,,深圳宜聚互联网金融服务有限公司,不需要融资,dd67379539b69b84a4003c430dbc89b1,8986,移动互联网,设计#视觉设计#游戏特效,22.54356,https://api.neituixiaowangzi.com/files/company/2017/10-30/012304192842952104.jpg,114.08195,8,10,0,2000人以上,,深圳宜聚网,,,,开放,华富路1018号,中航中心,"岗位职责：
1.把握节目的风格，积极有效的完成后期制作工作，保证成片质量；
2.负责视频After Effects 特效合成、Premiere 后期编辑、以及其他视频编辑软件的工作；
3.擅于运用各种剪辑手法、音乐、音效来渲染画面效果；
4.沟通协调视频制作过程中的各环节；

任职资格：
1、有两年以上视频制作经验，熟练掌握Premiere、AE、PS等剪辑合成软件。独立完成节目的后期剪辑及包装工作；
2、对镜头语言有独到的理解和认识，能够根据脚本独立剪辑画面；
3、对工作认真负责、思维活跃有创意，具有良好的沟通和团队合作精神；
4、懂脚本撰写加分、懂拍摄加分、沟通能力强脑洞大加分。",,视频制作后期特效,1519965846,0,55b2de2e45,https://www.1ju.com/,
4,,杭州,滨江区,浙江,"滨江区阡陌路555,号海康威视",e262a7986b1cf8f63b3237a7258db383,public://avatar/2018/03-01/211624285937518328.png,0,8cb42bebfe194ff4fa574940e7118e9b,1154,97f8ac5fff,1519910546,33738,邵侃,,,0,0,本科,1-3年,,杭州海康威视数字技术股份有限公司,上市公司,e3ce94a648f04dd429402a6f9a57958d,8939,不限,设计#视觉设计#视觉设计师,30.209146,https://api.neituixiaowangzi.com/files/company/2017/10-28/080750118417460810.jpg,120.220866,11,22,0,2000人以上,,海康威视,,,,开放,"阡陌路555,号",海康威视,"真情告白：找一位脑洞够大，性子够直，明妖暗媚，自成一派，为人够真，做事够钻的设计师一同组队打怪攒经验！

↓↓咳～咳～下面请看正经描述↓↓

岗位要求： 
1. 3-5年交互设计工作经验，深刻理解用户体验设计理论和方法，熟悉交互设计流程，可以独立、完整的完成一个新产品的交互设计；
2. 有丰富的PC端和移动端设备操作系统交互设计经验,并有相关互联网或ERP产品平台设计经验 ；
3. 能够熟练使用Windows、OS系统平台上的Axure、Sketch、Xmind、Visio、Illustartor、After Effects等基础设计工具软件，掌握原型动效演示工具的使用；
4. 对用户体验和易用性有敏锐的把握能力，善于发现交互和界面设计问题，洞察用户痛点，了解用研理论和方法，具备扎实的场景归纳、用户角色分析、任务分解能力，有组织可用性测试等用研工作者优先；
5. 对各种互联网产品或常用软件有强烈兴趣并有灵敏触觉，富有创造力和激情；
6. 强逻辑思维能力，熟练掌握业务需求分析、产品需求分解的技巧 
7. 有一定视觉设计或排版能力，熟悉前端web基础知识并掌握相应web前端技术；
8. 擅长输出精细化设计文档和高保真原型；
9. 本科以上学历，硕博优先；
 
工作职责: 
1. 负责产品PC端和移动端设备操作系统交互设计，对现有产品的可用性测试和评估提出改进方案，持续优化产品的用户体验； 
2. 有一定的产品概念，同时有互联网或ERP产品经验，能够在前期进行用户调研及产品规划，梳理出设计需求；  
3. 根据设计需求和用户研究的结果完成产品概念、功能信息架构、操作流程以及最终高保真原型设计；
4. 结合业务和设计需求，协同和推动视觉、前端及技术团队进行设计可行性和易用性评审，跨团队推动设计还原，并在进程中快速迭代和改善体验问题； 
5. 持续跟踪和关注上线产品，并通过竞品分析，结合可用性测试及数据分析结果，完成交互行为和功能的优化，持续提升产品的使用体验
6. 负责参与设计体验、流程和规范的制定，负责分享设计经验、推动提高团队的设计能力；",,视觉设计师,1519949597,33738,8f1815521f,http://www.hikvision.com,
5,,杭州,拱墅区,浙江,拱墅区祥茂路99号科锐6号楼3楼,ee383d7a2d16d38221c0a8f1126f3e28,public://avatar/2018/02-28/233239527190193088.png,0,f5f0a368ed7b6a14915f9d67090a517a,12050,06e9b962ff,1519917034,30369,王佳斌,1520179200,1519833600,0,0,专科,1-3年,,浙江执御信息技术有限公司,B轮,0b9fb6bdf2c06c49d9a49bec6868bd06,8969,移动互联网,设计#视觉设计#UI设计师,30.333035,https://api.neituixiaowangzi.com/files/company/2017/10-28/080733823438418227.png,120.113035,10,18,0,2000人以上,147,浙江执御,,,,开放,祥茂路99号科锐6号楼3楼,," 岗位职责

1.负责平台及产品（pc、移动、活动等）的视觉设计。把控整体视觉风格，使之能有效传达产品意图，完成价值创造闭环；

2.关注设计对项目的价值和效果反馈，准确把握产品各环节及整体的可用性和易用性，提出改进建议，并不断进行自发的优化迭代；

3.研究把握设计趋势与行业趋势，推动团队进行专业沉淀，制定并完善各项规范，通过个人专业性影响带动团队成长。

4.支持团队内部设计任务，学习新的设计技巧、软件，进行极具创新性的设计尝试

         岗位要求

1. 视觉表现能力过硬。了解各系统规范，作品完整，细节处理到位，能够熟练把握多种风格为佳，有简单的造型能力为佳；

2. 有产品设计、交互设计思维，了解产品和交互设计基本原则和实践方法；

3. 有主导中型以上产品设计的完整项目经验，熟知项目合作流程，善于沟通，懂得原则与妥协；

4. 有专业追求，无“乙方”心态，能主动推动问题解决；

5.沟通表达能力强，能准确传达设计思路与意图，甚至思想，影响进而提升项目团队认知判断能力；

6.强反思总结能力，善于学习，责任心强，具有团队合作精神及良好的沟通能力，工作细致，能承受一定的工作压力

7.  3年以上互联网产品设计经验。特别优秀者可适当放宽限制。

         你的加分项：

                   a.有一定团队管理经验

                   b.美术专业科班出身，熟知各种设计理念

",,UI设计师 ,1519917034,0,35a763db70,http://www.jollycorp.com,
6,,北京,海淀区,北京市,海淀区中关村东升科技园北领地,2aaad2297b0510e09218e0a88f4174ba,public://avatar/2018/03-01/203918619525693160.png,0,7c9da1c1f1c5b7a3b4610df77ee29858,18614,bb9cfc4bd1,1519908787,2272,关杉,,,0,0,本科,3-5年,,北京转转精神科技有限责任公司,A轮,be769b99c1eb7dab5d2d591ab3c7ecb5,8935,移动互联网,设计#视觉设计#UI设计师,40.041947,https://api.neituixiaowangzi.com/files/company/2017/10-28/080851399596533298.png,116.357652,20,35,0,500-2000人,,转转,,,,开放,中关村东升科技园北领地,,"岗位职责：
1、负责转转app及相关业务的产品界面与视觉设计
2、产出符合市场需求，且具备优秀视觉冲击力\感染力的设计
3、参与产品、交互、视觉、用研设计讨论，确认设计目标，推进落实，提升用户体验    
4.、经营产品线的设计语言，跟随市场的变化而调整新的定义；制定设计规范，构建整体产品视觉识别体系； 
5、参与分享设计经验，提高团队的设计能力；
任职要求：
1. 有丰富的移动端产品视觉设计经验（6年以上），能够创造有视觉冲击力的作品，主导过成型成熟的UI设计作品，有设计亮点及推导过程和验证方法； 
2  良好的沟通、组织、抗压能力，能够控制变化，能应对多任务并行保证项目推进；
3. 能制定设计目标，有辅导及拆解设计任务的能力，能对设计结果负责；
4. 能力核心：视觉活非常好，眼界很开阔
5. 请务必提供相关作品。
",,高级UI设计师,1519908787,0,ab2ce04780,http://www.zhuanzhuan.com/,
7,,北京,海淀区,北京市,海淀区中关村东升科技园北领地,2aaad2297b0510e09218e0a88f4174ba,public://avatar/2018/03-01/203918619525693160.png,0,7c9da1c1f1c5b7a3b4610df77ee29858,18614,bb9cfc4bd1,1519908758,2272,关杉,,,0,0,本科,3-5年,,北京转转精神科技有限责任公司,A轮,fcbe84a0213a43844977a537fcc96854,8934,移动互联网,设计#交互设计#交互设计师,40.041947,https://api.neituixiaowangzi.com/files/company/2017/10-28/080851399596533298.png,116.357652,20,30,0,500-2000人,,转转,,,,开放,中关村东升科技园北领地,,"岗位职责：
1.负责独立完成大型项目交互设计，输出优质交互设计方案
2.从体验角度，改进优化产品结构和流程，促进产品和视觉体验的双重提升
3.持续管理跟踪产品体验，发掘需求和问题，提出改进和优化方案，并推动上线与验证
4.参与用研，根据用研结论提出产品落地和优化方向
任职要求：
1.三年以上移动交互设计经验，有丰富完善的理论体系储备、互联网行业知名项目经验。
2.对交互设计和业务有深入理解，不浮于基础的原型图输出。
3.思维清晰严谨、沟通能力好、情商高、抗压能力强。
4.本科或以上学历，大厂资历优先。
",,高级交互设计师,1519908758,0,75922528ee,http://www.zhuanzhuan.com/,
8,,北京,朝阳区,北京,朝阳区三间房南里4号院A08,25d49605e40f4c6bcaa6b79bfc7a3a35,public://avatar/2018/03-01/164049531598415498.png,0,66e528dec20ce2402f861c323b3b7465,362434,bcab6dc519,1519898276,33183,张腾,,,0,0,专科,1年以内,,杭州有鹿文化传媒有限公司,天使轮,c1d9152ada0ca1b61f5feecec3b6d406,8905,互联网,设计#视觉设计#美工,39.91295,https://api.neituixiaowangzi.com/files/company/2018/03-01/164638831145900823.jpg,116.5692,4,8,0,50-150人,,有鹿文化,,,,开放,三间房南里4号院,A08,"岗位职责： 
1、按照公司指示制作各作品宣传图片，活动图片，漫画新作上线等各类图宣，作品logo设计等； 
2、负责淘宝店铺宝贝图片更新，重大节日活动促销图片等； 
3、负责各大合作平台方推广banner、宣传图等制作; 
4、协助运营部制作裁切漫画，页漫切条漫的排版，上线预告图等； 
5、协助满足公司其他部门所提出的美工方面的需求。 

任职要求： 
1、美术相关专业，有美术编辑从事经验，了解淘宝店铺装修，宝贝优化经验； 
2、熟练运用PS，AI等常用设计软件，具有良好的审美能力； 
3、喜欢看漫画，对漫画尤其是国漫有一定的了解和兴趣； 
4、思维敏捷，想象力丰富、悟性好，积极主动、工作认真，沟通协作能力强，富有团队精神。",,漫画美工,1519899790,33183,7aabbeb543,http://www.yoolook.cn/,
9,,北京,朝阳区,北京,朝阳区三间房南里4号院A08,25d49605e40f4c6bcaa6b79bfc7a3a35,public://avatar/2018/03-01/164049531598415498.png,0,66e528dec20ce2402f861c323b3b7465,1132,bcab6dc519,1519894866,33183,张腾,,,0,0,不限,不限,,杭州有鹿文化传媒有限公司,天使轮,a298d974e6ee235aa3051d96b231a17d,8884,互联网,设计#视觉设计#插画师,39.91295,https://api.neituixiaowangzi.com/files/company/2018/03-01/164638831145900823.jpg,116.5692,5,7,0,50-150人,,有鹿文化,,,,开放,三间房南里4号院,A08,"岗位职责：
根据分镜头脚本协助完成漫画创作。 

任职要求： 
1、优秀的上色能力，擅长厚涂，赛璐璐； 
2、熟练运用CLIPStudiopaint/Comicstudio/SAI/Photoshop； 
3、有足够的漫画阅读量，掌握着精深的漫画技法； 
4、具备较强的领悟力，经过沟通交流能很快把握作品核心设定精髓； 
5、具有大量的人物和景物的上色经验； 
6、有良好的团队精神，且熟悉漫画创作流程，能够与人协作创作。",,漫画助理,1519899710,33183,c2ee29dec1,http://www.yoolook.cn/,
10,,北京,朝阳区,北京,朝阳区三间房南里4号院a08,25d49605e40f4c6bcaa6b79bfc7a3a35,public://avatar/2018/03-01/164049531598415498.png,0,66e528dec20ce2402f861c323b3b7465,1132,bcab6dc519,1519896319,33183,张腾,,,0,0,不限,不限,,杭州有鹿文化传媒有限公司,天使轮,c01226ec4b12e2ac1f784888d5ba07b8,8896,互联网,设计#视觉设计#插画师,39.91295,https://api.neituixiaowangzi.com/files/company/2018/03-01/164638831145900823.jpg,116.5692,7,14,0,50-150人,,有鹿文化,,,,开放,三间房南里4号院,a08,"岗位职责：
根据剧本需求，创造性地设计漫画分镜，用恰当的镜头语言表现故事情节。 

岗位要求: 
1、优秀的漫画造型能力； 
2、熟练运用CLIPStudiopaint/Comicstudio/SAI/Photoshop； 
3、有足够的漫画阅读量，掌握着精深的漫画技法； 
4、具备较强的领悟力，经过沟通交流能 
5、很快把握作品核心设定精髓； 
6、具有大量的人物和景物的绘画经验； 
7、有良好的团队精神，且熟悉漫画创作流程，能够与人协作创作。",,漫画主笔,1519899479,33183,b80a2d9a3c,http://www.yoolook.cn/,
11,,北京,朝阳区,北京,朝阳区三间房南里4号院a08,25d49605e40f4c6bcaa6b79bfc7a3a35,public://avatar/2018/03-01/164049531598415498.png,0,66e528dec20ce2402f861c323b3b7465,362434,bcab6dc519,1519898969,33183,张腾,,,0,0,不限,不限,,杭州有鹿文化传媒有限公司,天使轮,16f4119a25d05649964533a1dcb2013b,8910,互联网,设计#视觉设计#插画师,39.91295,https://api.neituixiaowangzi.com/files/company/2018/03-01/164638831145900823.jpg,116.5692,4,6,0,50-150人,,有鹿文化,,,,开放,三间房南里4号院,a08,"岗位职责：
根据分镜头脚本协助完成漫画创作。 

任职要求： 
1、优秀的上色能力，擅长厚涂，赛璐璐； 
2、熟练运用CLIPStudiopaint/Comicstudio/SAI/Photoshop； 
3、有足够的漫画阅读量，掌握着精深的漫画技法； 
4、具备较强的领悟力，经过沟通交流能很快把握作品核心设定精髓； 
5、具有大量的人物和景物的上色经验； 
6、有良好的团队精神，且熟悉漫画创作流程，能够与人协作创作。",,漫画助理,1519898969,0,da8cafa21c,http://www.yoolook.cn/,
12,,杭州,西湖区,浙江,西湖区剑桥公社F座906,35933fc827d85058f3f8093d284ba505,public://avatar/2018/03-01/164049531598415498.png,0,66e528dec20ce2402f861c323b3b7465,362434,bcab6dc519,1519898707,33183,张腾,,,0,0,不限,不限,,杭州有鹿文化传媒有限公司,天使轮,03af668f81eabc97551e0616c652b8fb,8908,互联网,设计#视觉设计#插画师,30.30617,https://api.neituixiaowangzi.com/files/company/2018/03-01/164638831145900823.jpg,120.09599,6,10,0,50-150人,,有鹿文化,,,,开放,剑桥公社F座,906,"岗位职责：
根据剧本需求，创造性地设计漫画分镜，用恰当的镜头语言表现故事情节。 

岗位要求: 
1、优秀的漫画造型能力； 
2、熟练运用CLIPStudiopaint/Comicstudio/SAI/Photoshop； 
3、有足够的漫画阅读量，掌握着精深的漫画技法； 
4、具备较强的领悟力，经过沟通交流能 
5、很快把握作品核心设定精髓； 
6、具有大量的人物和景物的绘画经验； 
7、有良好的团队精神，且熟悉漫画创作流程，能够与人协作创作。",,漫画主笔,1519898896,33183,2aeb359540,http://www.yoolook.cn/,
13,,杭州,西湖区,浙江,西湖区剑桥公社F座906,35933fc827d85058f3f8093d284ba505,public://avatar/2018/03-01/164049531598415498.png,0,66e528dec20ce2402f861c323b3b7465,362434,bcab6dc519,1519898846,33183,张腾,,,0,0,不限,不限,,杭州有鹿文化传媒有限公司,天使轮,f7b18d9f717649d266040048b529fe2a,8909,互联网,设计#视觉设计#插画师,30.30617,https://api.neituixiaowangzi.com/files/company/2018/03-01/164638831145900823.jpg,120.09599,4,6,0,50-150人,,有鹿文化,,,,开放,剑桥公社F座,906,"岗位职责：
根据分镜头脚本协助完成漫画创作。 

任职要求： 
1、优秀的上色能力，擅长厚涂，赛璐璐； 
2、熟练运用CLIPStudiopaint/Comicstudio/SAI/Photoshop； 
3、有足够的漫画阅读量，掌握着精深的漫画技法； 
4、具备较强的领悟力，经过沟通交流能很快把握作品核心设定精髓； 
5、具有大量的人物和景物的上色经验； 
6、有良好的团队精神，且熟悉漫画创作流程，能够与人协作创作。",,漫画助理,1519898846,0,360634310c,http://www.yoolook.cn/,
14,,南京,江宁区,江苏,江宁区国家千人计划创新创业基地江宁创业大厦6022,c2648b001b31a83724249bfe4a9b5a10,public://avatar/2018/03-01/164049531598415498.png,0,66e528dec20ce2402f861c323b3b7465,362434,bcab6dc519,1519898568,33183,张腾,,,0,0,不限,不限,,杭州有鹿文化传媒有限公司,天使轮,8b5a06675c8cb82fdef67afc171c75ba,8907,互联网,设计#视觉设计#插画师,31.93312,https://api.neituixiaowangzi.com/files/company/2018/03-01/164638831145900823.jpg,118.79231,6,10,0,50-150人,,有鹿文化,,,,开放,国家千人计划创新创业基地江宁创业大厦,6022,"岗位职责：
根据剧本需求，创造性地设计漫画分镜，用恰当的镜头语言表现故事情节。 

岗位要求: 
1、优秀的漫画造型能力； 
2、熟练运用CLIPStudiopaint/Comicstudio/SAI/Photoshop； 
3、有足够的漫画阅读量，掌握着精深的漫画技法； 
4、具备较强的领悟力，经过沟通交流能 
5、很快把握作品核心设定精髓； 
6、具有大量的人物和景物的绘画经验； 
7、有良好的团队精神，且熟悉漫画创作流程，能够与人协作创作。",,漫画主笔,1519898568,0,4b641fc068,http://www.yoolook.cn/,
15,,南京,玄武区,江苏,玄武区360教育在线(集团总部),379f59d5ef749ebf3e3573cfde4a9c29,public://avatar/2018/03-01/172613253683892973.png,0,4d257119767c9b56c7e803b93dfb9a38,296167,d9591423a8,1519898531,33299,陳金餅,,,0,0,不限,3-5年,,江苏三六零数字传媒有限公司,不需要融资,2fdd67ae892cf9275ed74acd59900adf,8906,广告营销,设计#高端设计职位#设计经理/主管,32.09046,https://api.neituixiaowangzi.com/files/company/2017/11-30/102440649170517284.jpg,118.88859,7,10,0,150-500人,,三六零数字传媒,,,,开放,360教育在线(集团总部),,招设计主管及资深设计,,设计经理/主管,1519898531,0,10272af594,http://www.360eol.com/,
16,,北京,朝阳区,北京,朝阳区七棵树创意园C8-6,2999089104222a42cdce3e43c7bab846,public://avatar/2018/03-01/135446637663646581.png,0,f140dd0e9d4ace0db917a923a7ecfe72,362431,996ad5ae0c,1519887125,32758,魏征,,,0,0,专科,1-3年,,北京伟世兄弟品牌管理有限公司,未融资,559e3a28315d4e890bce088ca0d56284,8868,文化娱乐,设计#视觉设计#平面设计师,39.96669,https://api.neituixiaowangzi.com/files/company/2018/03-01/144512349975540536.jpg,116.51946,8,16,0,少于15人,,伟世兄弟品牌,,,,开放,七棵树创意园,C8-6,"VSHINE夹娃娃是以开设娃娃机旗舰店为主要经营内容的文化娱乐品牌，从孵化IP、优化玩法等层面重塑行业模式，将为消费者提供更多幸福感、成就感作为最终目的，全力打造全新的快时尚、轻娱乐体验。

毛绒公仔设计师
职位描述：
1、负责公司自有IP形象的二次设计开发；
2、独立创作可制作为毛绒公仔的二次元形象；
3、协助前端工程师进行微信小程序的设计优化；
4、关注国内、国际毛绒公仔市场，充分了解行业热点。

岗位要求：
1、设计/艺术类专业大专及以上学历；
2、熟练使用AI、PS等设计软件；
3、喜爱毛绒公仔，拥有自己的设计风格；
4、对中国传统文化理解深刻者优先录用。",,毛绒公仔设计师,1519887125,0,be5898ff49,,
17,,广州,天河区,广东,天河区财富广场东塔2405-2406,e3145f312cf942573f6ffd1f5a404b7b,public://avatar/2018/03-01/092418217863435466.png,0,93a7323dd76f2cd74df3dad91ed17799,315647,fbc0026a26,1519876485,32116,陈瑞芳,,,0,0,专科,3-5年,,广州优植生物科技有限公司,未融资,77f55c016e4bed7085d656398910360d,8846,电子商务,设计#视觉设计#视觉设计师,23.136186,https://api.neituixiaowangzi.com/files/company/2017/11-30/154532811981288242.jpg,113.329109,7,10,0,150-500人,,朵拉朵尚,,,,开放,财富广场东塔,2405-2406,"岗位职责：
1、负责公司电商各个渠道的整体形象设计、商品展示设计、详情页优化、整体布局、活动推广等；
2、负责品牌整体形象的创意设计，把握店铺的整体风格和视觉呈现，全面提升网站的整体视觉效果；
3、负责对产品拍摄及方案策划、对品牌的创意策略和创意构思进行提案工作，配合公司整体的营销策略以达到预期的市场效果；
4、为美术、文字、动画等创意作品的创意概念发起、指导、执行的整体过程负责，出品把控；
5、做好部门之间的协调工作，根据各部门工作要求，设计及制作相应的资料。
任职要求：
1、美术、设计、视觉传达相关专业毕业；
2、精通PS、AI等设计软件，了解网站开发流程；
3、三年以上平面广告设计或淘宝天猫美术设计经验，其中有1年设计管理经验；
4、具有较强视觉效果表现能力和敏锐的潮流触觉。
在朵拉朵尚，我们会为您提供：
1. 舒适的办公环境：甲级商业办公楼，环境优美怡人；
2. 便捷的交通：地铁上盖（体育中心）、公交下车即到（体育东路，石牌桥BRT）；
3. 人性化的工作时间：考勤不打卡、每日7.5小时工作制，周末双休；
4. 奖金福利多多：五险一金、年终奖、绩效奖金、节日福利、下午茶、各项补贴、不定期团队活动、旅游等；
5. 广阔的发展空间：职业发展路径清晰、透明，内部培训多样，为你的职业生涯比你想得更远；
更多的福利内容，等着你来发现！",,视觉设计主管,1519876674,32116,e69195c3b7,,
18,,广州,天河区,广东,天河区财富广场东塔2405-2406,e3145f312cf942573f6ffd1f5a404b7b,public://avatar/2018/03-01/092418217863435466.png,0,93a7323dd76f2cd74df3dad91ed17799,1092,fbc0026a26,1519868354,32116,陈瑞芳,,,0,0,专科,1-3年,,广州优植生物科技有限公司,未融资,70b34dcb625fbc263bd9b7ac7a6b2e16,8833,电子商务,设计#视觉设计#插画师,23.136186,https://api.neituixiaowangzi.com/files/company/2017/11-30/154532811981288242.jpg,113.329109,6,8,0,150-500人,,朵拉朵尚,,,,开放,财富广场东塔,2405-2406,"岗位职责：
1、进行方案的插画制作，针对不同的项目和主题，创作多种风格的插画，如主题页、宣传推广，卡通形象，内文插画等，并协助团队完成其它相关插画工作；
2、根据项目要求，和项目组进行插画创意沟通并提出独到的创作观点，独立完成插画图案设计；
3、对设计拥有敏锐的认知感，敢于发散思维，热爱设计行业，具有强烈的审美认知度；
4、配合设计与策划，为公司企宣活动与文创产品提供创意支持；
5、准确领悟文案策略思路，进行标志插画、包装插画、画册插画、物料插画等插画创意。
岗位要求：
1、懂得使用SAI等，会使用手绘板，有化妆品插画经验者优先；
2、2年以上工作经验，大专或以上学历，设计、美术、广告等相关专业，接受艺术设计、视觉传达等相关专业教育，有良好的美术功底；
3、有一定的时尚触觉，具有敏捷的创意思维和扎实的美术功底，对色彩敏感、理解能力强，个性画风成熟，原创创新能力强，能灵活适应多样风格；
4、熟练使用各类平面设计软件，熟练运用手绘板进行绘画及素材创作；
5、具备可视化呈现作品能力。
在朵拉朵尚，我们会为您提供：
1. 舒适的办公环境：甲级商业办公楼，环境优美怡人；
2. 便捷的交通：地铁上盖（体育中心）、公交下车即到（体育东路，石牌桥BRT）；
3. 人性化的工作时间：考勤不打卡、每日7.5小时工作制，周末双休；
4. 奖金福利多多：五险一金、年终奖、绩效奖金、节日福利、下午茶、各项补贴、不定期团队活动、旅游等；
5. 广阔的发展空间：职业发展路径清晰、透明，内部培训多样，为你的职业生涯比你想得更远；
更多的福利内容，等着你来发现！",,插画师,1519876363,0,048160422a,,
19,,佛山,顺德区,广东,顺德区容桂桂洲大道东20号耀丰大楼二楼206,be15f6a696f0d1d4e2463917464981bd,public://avatar/2018/02-28/161800689852525451.png,0,a4d21788ac2eaaee8142f402e24fe0b7,57276,2b07074aab,1519809937,29528,刘胤,,,0,0,专科,1-3年,,佛山市顺德区云根文化传媒有限公司,未融资,5005dfb79dd588eac621b7bb14b49c9f,8766,广告营销,设计#视觉设计#平面设计师,22.75486,https://api.neituixiaowangzi.com/files/company/2017/10-28/081757628894062657.jpg,113.28623,6,8,0,15-50人,,云根文化,,,,开放,容桂桂洲大道东20号耀丰大楼,二楼206,"设计师
岗位职责：
1、负责品牌产品相关辅料设计，如品牌广告设计，终端物料设计工作；
2、负责品牌对外宣传及广告、产品、活动的平面设计；
3、负责品牌线上线下推广活动的企划方案设计并实施；
任职要求：
1、平面设计专业或美术院校相关专业以上学历，思维敏捷，设计思路新颖、清晰，熟练使用各种制图软件如photoshop、Coreldraw、AI设计软件等；
2、有企业画册、海报及宣传印刷品设计、VI的设计、效果图创意设计的经验。
3、新颖的设计理念，突出的形象及色彩表现力，能够独立设计企业文化 、品牌形象店铺终端广告等；
4、主动性高，善于沟通、耐心细致，能准确表达设计思路，有较强的责任心及较强的理解分析、创意设计能力和色彩搭配能力；
5. 工作积极主动、热情高、效率高、态度严谨；
6. 需要有良好的理解和沟通能力，较强的组织协调、团队协作能力及解决问题的能力；",,平面设计师,1519811106,29528,e77debdd9f,http://www.yungenwenhua.com/,
20,,佛山,顺德区,广东,顺德区容桂桂洲大道东20号耀丰大楼二楼206,be15f6a696f0d1d4e2463917464981bd,public://avatar/2018/02-28/161800689852525451.png,0,a4d21788ac2eaaee8142f402e24fe0b7,57276,2b07074aab,1519809821,29528,刘胤,,,0,0,不限,不限,,佛山市顺德区云根文化传媒有限公司,未融资,fa925afbf701176f74b8f00c50d7703b,8765,广告营销,设计#视觉设计#设计师助理,22.75486,https://api.neituixiaowangzi.com/files/company/2017/10-28/081757628894062657.jpg,113.28623,4,6,0,15-50人,,云根文化,,,,开放,容桂桂洲大道东20号耀丰大楼,二楼206,"设计师助理
岗位职责：
1、具备较好的效果图及平面图的绘图技能；
2、配合设计师对客户需求的准确把握与引导，综合分析客户状况，向客户提出解决案；
3、向设计制作人员有效传达相关客户制作信息，帮助项目的准确有效达成；
4、工作耐心细心能准时完成设计安排的工作任务。
任职要求：
1、沟通表达能力强，熟悉各类办公软件；
2、熟练掌握各种设计软件如photoshop、Coreldraw、AI等；
3、具广告或平面设计相关的工作经验者优先。",,设计师助理,1519811083,29528,6c358d7eda,http://www.yungenwenhua.com/,
21,,佛山,顺德区,广东,顺德区容桂桂洲大道东20号耀丰大楼二楼206,be15f6a696f0d1d4e2463917464981bd,public://avatar/2018/02-28/161800689852525451.png,0,a4d21788ac2eaaee8142f402e24fe0b7,57276,2b07074aab,1519810046,29528,刘胤,,,0,0,专科,3-5年,,佛山市顺德区云根文化传媒有限公司,未融资,ef9866c67f9f19f45758049137929765,8768,广告营销,设计#视觉设计#平面设计师,22.75486,https://api.neituixiaowangzi.com/files/company/2017/10-28/081757628894062657.jpg,113.28623,8,10,0,15-50人,,云根文化,,,,开放,容桂桂洲大道东20号耀丰大楼,二楼206,"资深设计师
岗位职责：
1、负责客户品牌形象设计与广告推广统筹等相关工作；
2、负责VI、线上产品推广、终端活动推广、平面广告、双微推广等创意设计；
3、拥有完善的设计服务流程；
4、准确把握客户需求，对视觉设计有独到掌控力与艺术表现力。
任职要求：
1、美术或平面设计相关专业毕业；
2、较强的设计与美术功底，三年以上平面设计工作经验，有广告公司或设计工作室工作经验优先考虑；
3、熟悉平面创意、版式、终端落地执行等平面设计相关知识，具备良好的设计思路和较强的视觉艺术理解能力，富有创新精神 ；
4、负责VI、线上线下活动推广、平面广告、双微推广等创意设计；
5、具有较强设计团队的协作能力，能指导设计师设计思路，把握设计水准；
6、可以独立进行提案，有一定的提案经验；
7、有较强的策划能力，熟悉新媒体运作；
8、工作积极主动，责任心强，思维活跃，具备良好的团队合作精神、沟通以及协调能力。",,平面设计师,1519811066,29528,ee097c1678,http://www.yungenwenhua.com/,
22,,佛山,顺德区,广东,顺德区容桂桂洲大道东20号耀丰大楼二楼206,be15f6a696f0d1d4e2463917464981bd,public://avatar/2018/02-28/161800689852525451.png,0,a4d21788ac2eaaee8142f402e24fe0b7,57276,2b07074aab,1519810250,29528,刘胤,,,0,0,专科,1-3年,,佛山市顺德区云根文化传媒有限公司,未融资,04472f5c9079b8c527c39727febd86f5,8769,广告营销,设计#视觉设计#美工,22.75486,https://api.neituixiaowangzi.com/files/company/2017/10-28/081757628894062657.jpg,113.28623,4,6,0,15-50人,,云根文化,,,,开放,容桂桂洲大道东20号耀丰大楼,二楼206,"空间展示设计师
招纳要求：一年以上视觉传达类工作经验；
熟悉3dsMax或其他三维软件建模和渲染；
能熟练使用PS、AI或CDR修图、绘图；
          具备良好的职业素养，能吃苦耐劳，乐观积极；
有展厅、商店、酒店类效果图制作经验者优先；
熟悉产品建模者优先；
工作内容：主要负责SI类效果图、施工图的绘制；
以及品牌维护所需制作的海报、物料等画面设计；",,空间展示设计师,1519811046,29528,6bf190e480,http://www.yungenwenhua.com/,
23,,北京,海淀区,北京,海淀区汇苑开拓大厦,046f2a671164d3ad76c39e303ad73d44,public://avatar/2017/12-23/123347249633540230.png,0,d0f05e42bce765a71eb45a27b0099866,21518,bd4ad58427,1518495945,3656,朱文文,,,0,0,本科,5-10年,,小船出海教育科技（北京）有限公司,C轮,38745e374d0d833686353261ae04bab0,8658,移动互联网,设计#交互设计#交互设计师,40.044257,https://api.neituixiaowangzi.com/files/company/2017/10-28/080926824783194921.jpg,116.303104,30,50,0,500-2000人,,作业帮,,,,开放,汇苑开拓大厦,,"任职资格

任职资格：
工业设计、人机交互、心理学、计算机等相关专业；
5年以上用户体验工作经验，有手持终端成功案例优先；
熟悉iOS和Android平台的设计规范；
熟悉用户研究常见的方法，有一定视觉设计基础；
逻辑思维严谨清晰，沟通协调能力优秀，理解力强；
工作积极主动，有持续的热情和责任心，对设计品质有执着追求，善于团队合作；

工作职责：
产品规划构思和创意过程，参与产品前期概念探索，用户体验研究分析；
参与体验设计，设计整体交互框架，高效完成系统化的设计方案，制定流程和规范；
参与提出设计需求及用户体验目标；
与工程师良好配合实现设计方案，并对设计有严格执行力；
进行数据分析和可用性测试，评估产品上线后的效果，并提出用户体验改善计划。
富有创造力和激情，乐于分析各种设计细节，乐于分享；",,交互设计专家,1518495945,0,1e16ef80fe,http://www.zybang.com,
24,,北京,海淀区,北京,海淀区汇苑开拓大厦,046f2a671164d3ad76c39e303ad73d44,public://avatar/2017/12-23/123347249633540230.png,0,d0f05e42bce765a71eb45a27b0099866,900,bd4ad58427,1518427910,3656,朱文文,,,0,0,本科,不限,,小船出海教育科技（北京）有限公司,C轮,55b9300d2fcac4e751309902d342860b,8653,移动互联网,设计#视觉设计#UI设计师,40.044257,https://api.neituixiaowangzi.com/files/company/2017/10-28/080926824783194921.jpg,116.303104,15,25,0,500-2000人,,作业帮,,,,开放,汇苑开拓大厦,,"岗位职责：
1、配合设计师完成APP里的插图设计。
2、负责题型插图设计。
3、负责其他与美术设计与策划相关的工作。",,平台UI设计师,1518495297,3656,ff8e1fe574,http://www.zybang.com,
25,,杭州,萧山区,浙江,萧山区保亿中心,685865cac9817a10d42f5b7e769363a7,public://avatar/2018/02-05/202643269601801625.png,0,5476691406bfadd6c8fea77c1bc7f7bd,899,6f03a80d3f,1518425267,15399,蒋烨,1520438400,1519315200,0,0,不限,1-3年,,quintar development ltd,未融资,1da6278f4709c4fe42cdf4331f12cd5d,8652,移动互联网,设计#视觉设计#视觉设计师,30.23907,https://api.neituixiaowangzi.com/files/company/2018/02-12/161631319488593887.jpg,120.24506,7,10,0,15-50人,114,quintar,,,,开放,保亿中心,,"岗位职责：
1、负责产品Web端、PC客户端和移动端的整体视觉风格设定和UI设计；
2、负责产品整体UI规范的设立和执行；
3、负责产品专题活动设计与部分品牌、形象、banner设计；
4、关注竞品设计方向，进行用户研究、设计流行趋势分析；
5、参与团队设计讨论，跟踪产品效果，优化设计方案；
6、分享设计经验，共同推动团队设计能力的提升；

资格要求：
1. 设计等相关专业，有手绘功底优先
2. 有较强的视觉搭配能力，能熟练操作
3. 具备较强的学习能力，热爱设计工作photoshop、Illustrator等相关软件
4. 富有创意及执行力，有责任感，表达能力强",,视觉设计师,1518437680,0,442feddd61,www.quintar.com,
26,,苏州,姑苏区,江苏,姑苏区吴中大厦19楼,2dfe3b6d323a1569a752ff697c4ff50a,public://avatar/2018/01-25/073000122193949673.png,0,e86d1a6528945c7ed8a6686c6b285789,61299,99d22142ce,1517034795,13602,Sherry,,,0,0,专科,1-3年,,苏州小棉袄信息技术股份有限公司,上市公司,ab2fe92587479feb271feb36bd2e36eb,8550,电子商务,设计#视觉设计#美工,31.278882,https://api.neituixiaowangzi.com/files/company/2017/10-28/081923733647155521.jpg,120.625859,5,10,0,150-500人,,苏州小棉袄,,,,开放,吴中大厦,19楼,"岗位职责
1、负责公司产品的界面进行设计、编辑、美化等工作；
2、对公司的宣传产品进行美工设计；
3、负责与店长配合完成所辖网站的页面设计和编辑；
4、负责网店整体创意，首页装修，日常维护。

任职资格
1、美术、平面设计相关专业；
2、1年以上网页设计及平面设计工作经验；
3、有扎实的美术功底、良好的创意思维和理解能力；
4、会photoshop等设计软件；
5、善于与人沟通，良好的团队合作精神和高度的责任感。",,天猫设计,1517034795,0,582d8846f9,http://www.newb2b2c.com/,
27,,杭州,江干区,浙江,江干区凯旋路385号,ccb832b87c906fbd809b053e0005209d,public://avatar/2018/01-22/114704925891852788.png,0,0d62844616d1078d184955195ec91d46,196523,340b212076,1516678078,13192,‮‮瑶梦戚,,,0,0,专科,不限,,杭州今元标矩科技有限公司,B轮,497416ffa879438a7cb66fc57cb67450,8529,移动互联网,设计#视觉设计#视觉设计师,30.270712,https://api.neituixiaowangzi.com/files/company/2017/11-30/100429519373825383.png,120.190760,2,3,0,500-2000人,,金柚网,,,,开放,凯旋路385号,,"岗位职责：
1、完成基础的海报、banner、公众号配图的修改与设计；
2、完成上级领导安排的其他创意设计。

岗位要求：
1、掌握Photoshop、Illustrator、After Effects、PPT等基础软件操作；
2、擅长手绘（手稿或数位板）、摄影、视频剪辑者优先。",,平面设计实习生,1516678078,0,7aeb4814c1,http://www.joyowo.com,
28,,成都,武侯区,四川,武侯区成都国际科技节能大厦A座4楼,608d7acfe6f33e140adc619fe14e78bb,public://avatar/2018/01-18/110048206731008072.png,0,d39c88c4ac31d5746cfa2f156fd40ff5,308200,ce88f1e86b,1516447361,12605,Richard,,,0,0,不限,不限,,成都娄外科技有限公司,A轮,ffc2261096abdd223e0f5f9725671066,8510,教育,设计#视觉设计#美术设计师（2D/3D）,30.54896,https://api.neituixiaowangzi.com/files/company/2017/11-30/153053194798697752.png,104.06608,4,8,0,15-50人,,西瓜创客,,,,开放,成都国际科技节能大厦A座,4楼,"职位诱惑：
工作餐,健身房,牛人多
职位描述：
·       来做什么？
* 参与主要课程的素材设计
* 参与角色场景的设计
* 参与节日特刊设计
* 大开脑洞绘制课程网页地图
* 参与登陆界面、UI 海报的设计
* 发散思维绘制课程相关漫画
·       要求是什么？
* 超强专业素养，专业术语无障碍交流
* 学习能力强，学习能力强，学习能力强
* 好奇心，好奇心，好奇心
* 需要精通PS手绘的你
·       其他加分项是什么？
* 喜欢思考，哲学
* 设计感炒鸡好，喜欢摄影，会使用 Final Cut / AE 类软件
* 英语超级好，无字幕上 YouTube
* 参加了大量网上公开课
* 就读（毕业于）相关专业（如：视觉传达、动画设计）
* 多元思维者
·       为什么来？
* 大量干货和实战
* 行业方向是增量市场
* 无数聪明的小伙伴，就将坐在你的身边
* 公司胜似图书馆；爱学习者的天堂；买书不花自己钱
* 待遇好
·       说说福利看？
* 实习日薪 ￥120-200（相当于月薪 3000-5000）
* 公司包午餐和晚餐，软件园的最高标准，健身餐都有哦
* 超多牛人环绕，多名主导从0到1的产品经理（CEOs）就在身边。即便未来自己想创业，听听他们踩过的坑都可以少交无数学费哦。
*公司配备健身房，工作健康两不误
* 不定期国内顶级牛人到公司分享（什么闪送的CEO呀，洋葱数学的科学家呀...）
",,美术设计师（2D/3D）,1516447361,0,f8bfbb6212,https://s.jita.im/main/home?c=nan,
29,,杭州,西湖区,浙江,西湖区西湖福地创业园A103,345cdf8a12dc4c29976c8f420a9f9779,public://avatar/2018/01-18/153038838379701733.png,0,a5c5222551d076290dac59a5f20b4e64,281117,2126428e6a,1516270173,1322,鱼粮 Liam,,,0,0,本科,3-5年,,杭州有本科技有限公司,不需要融资,a16d5456ad037566390cfc77263c644b,8494,企业服务,设计#视觉设计#UI设计师,30.260236,https://api.neituixiaowangzi.com/files/company/2018/01-18/181258133542648474.png,120.095198,10,20,0,15-50人,,有本,,,,开放,西湖福地创业园,A103,"工作职责：
1. 负责公司前后端产品的 UI 设计；
2. 负责公司大数据产品的 UI 设计；
3. 负责公司整体产品品牌化视觉设计。

职位要求：
1. 对 UI 设计有深刻理解，能够规划视觉规范等；
2. 有独立完成整套UI设计的能力和出色的审美能力；
3. 熟练使用 PS、AI、Sketch等工具；
4. 对最新的设计理念有持续的跟踪；
5. 设计理论知识丰富，对产品界面趋势有敏锐的洞察力和领悟力（没有丰富的理论知识说服不了别人对你的反对意见）；
6. 对动效有一定的了解；
7. 请附带作品集

加分项：
1. 了解交互设计；
2. 了解前端实现逻辑。",,设计师,1516270173,0,45b77bba54,,
30,,北京,海淀区,北京,海淀区融科资讯中心-C座北楼20层,1c2578702df006a09b4a4dc79787d472,public://avatar/2018/01-03/203141373496313266.png,0,2e5d19f0cfd49f6e4840ff78a7ddf65f,21189,1292680089,1515598489,7921,俞棣,,,0,0,本科,5-10年,,百融（北京）金融信息服务股份有限公司,B轮,0b3875109c055113ec7c023161a1b54b,8462,金融,设计#视觉设计#UI设计师,39.98344,https://api.neituixiaowangzi.com/files/company/2017/10-28/080921444156038555.png,116.32647,15,30,0,150-500人,,百融金服,,,,开放,融科资讯中心-C座北楼,20层,"* 负责榕树平台类相关业务的UI设计，主要为PC端产品界面的设计工作；
* 熟悉互联网产品构建和UED工作流程（功能分析、原型设计、界面及功能开发、易用性等）；
* 可以独立通过对产品需求分析，完成从页面信息架构、用户操作流程、界面交互流程、再到视觉界面的呈现；
* 参与需求设计和功能开发的讨论与评估，独立完成产品整体视觉风格及规范创建，并与前端同事一起完成界面在上线前的最终交付；
* 能够很好的和产品开发团队协调合作，利用数据和用户分析对产品的体验及流程进行不断优化，确保界面效果符合业务及设计目标。

* 视觉传达、工业设计专业本科学历，5年以上的PC端或后台管理系统界面设计经验；
* 较强的逻辑思维、梳理归纳能力，善于分解任务；
* 良好的沟通与语言表达、执行与学习和时间管理能力；
* 对交互设计及流程有一定的理解，具备规划和梳理产品信息架构的能力；
* 关注当前设计流行趋势，乐于与团队共同创造良好的用户体验；
* 能够熟练使用Sketch、Principle、Flinto、Photoshop、illustrator等设计类软件完成界面的动态交互和视觉的展示。",,UI设计师,1515598489,0,eab448f0eb,http://www.100credit.cn/,
31,,厦门,湖里区,福建,湖里区金尚路湖里高新技术园嘉园大厦6楼,,public://avatar/2018/01-08/162523432057336145.png,0,2286727e927d8b4cd927c748bb9ba300,0,30e1b7a2b0,1515400879,10140,马敏,,,0,0,本科,1-3年,,厦门翔通动漫有限公司,D轮及以上,366ab3bedb76f707db38da13207c3129,8448,移动互联网,设计#视觉设计#UI设计师,0,https://api.neituixiaowangzi.com/files/company/2017/11-30/110234738288345445.png,0,6,12,0,150-500人,,厦门翔通动漫有限公司,,,,开放,金尚路湖里高新技术园嘉园大厦6楼,,"岗位职责：
1.根据需求设计PC、移动产品界面设计、完成整体视觉风格的设定；
2.设计界面中相关的ICON图标、形象图片；
3.参与设计体验、交互呈现及其制定相关设计规范；
4.配合程序切图和各终端适配、UI检查工作。

岗位要求
1.2年以上网站设计经验或两年以上页面的设计经验；
2.熟练使用Photoshop/Illustrator等设计软件；
3.能独立完成移动端界面设计的整体视觉风格设定和UI设计；
4.熟悉互联网产品设计开发流程和 IOS、Android、平台软件界面和WAP页面设计规范；
5.有较强的美术功底，具有出色的艺术设计能力，能够灵活控制设计风格，把握时代前沿，富有创造力和激情；
6.积极向上，有良好的人际沟通能力，良好的工作协调能力，踏实肯干的工作精神；
7.对用户体验有一定的了解。",,UI设计师,1515400879,0,b135906c1f,http://www.xtonegroup.com/,
32,,厦门,湖里区,福建,湖里区金尚路湖里高新技术园嘉园大厦6楼,,public://avatar/2018/01-08/162523432057336145.png,0,2286727e927d8b4cd927c748bb9ba300,0,30e1b7a2b0,1515400684,10140,马敏,,,0,0,,5-10年,,厦门翔通动漫有限公司,D轮及以上,23fc5f5fef63d6d177cf8d69dfde8481,8444,移动互联网,设计#高端设计职位#设计总监,0,https://api.neituixiaowangzi.com/files/company/2017/11-30/110234738288345445.png,0,8,16,0,150-500人,,厦门翔通动漫有限公司,,,,开放,金尚路湖里高新技术园嘉园大厦6楼,,"一、岗位职责：
1、负责公司平面设计风格把控；
2、指导设计团队日常工作；
3、负责公司主要形象平面产品开发。

二、任职要求：
1、有较高的平面设计水平，了解动漫品牌设计的需求；
2、五年以上广告/动漫行业设计经验；
3、擅长培养团队与新人。",,平面设计总监,1515400684,0,beec10aeb1,http://www.xtonegroup.com/,
33,,上海,长宁区,上海,长宁区娄山关路533号金虹桥国际中心28楼北楼,bd10bd2d472cb6bb3c00201342f93232,public://avatar/2018/01-07/155901416169022556.png,0,5488d951c8221a36b4d7f83359c32d58,362356,5ce1ce9c4e,1515383201,9764,沈娜,,,0,0,专科,3-5年,,上海寻梦信息技术有限公司,D轮及以上,bdde158dac616a9e0075d19eeb9dfe36,8279,移动互联网,设计#交互设计#交互设计师,31.208967,https://api.neituixiaowangzi.com/files/company/2017/12-28/180426602873294156.jpg,121.402636,20,40,0,500-2000人,,拼多多,,,,开放,娄山关路533号金虹桥国际中心28楼北楼,,"岗位职责：
1. 根据业务 / 产品需求，输出逻辑清晰、细节完善的交互文档；
2. 对C端核心产品的用户体验负责，根据用户反馈和数据，持续优化和迭代线上产品；
3. 站在全平台的角度构建和完善设计体系，推动产品 / 设计 / 开发组件化。

岗位要求：
1. 对iOS / Android / Web各平台的设计规范有深度、全面的认知；
2. 3年以上经验，掌握能够长期应用于实践的设计工作方法；
3. 能够与团队不同角色合作，推动落地；
4. 思路清晰、专业、高效、有系统意识。",,资深交互设计师,1515394174,1266,34ec0708fa,http://www.pinduoduo.com,
34,,上海,长宁区,上海,长宁区娄山关路533号金虹桥国际中心28楼北楼,bd10bd2d472cb6bb3c00201342f93232,public://avatar/2018/01-07/155901416169022556.png,0,5488d951c8221a36b4d7f83359c32d58,362356,5ce1ce9c4e,1515383201,9764,沈娜,,,0,0,本科,1-3年,,上海寻梦信息技术有限公司,D轮及以上,b0f420a16ccb000c2dd442ef45faf16f,8277,移动互联网,设计#交互设计#交互设计师,31.208967,https://api.neituixiaowangzi.com/files/company/2017/12-28/180426602873294156.jpg,121.402636,15,25,0,500-2000人,,拼多多,,,,开放,娄山关路533号金虹桥国际中心28楼北楼,,"岗位职责：
1. 根据业务 / 产品需求，输出逻辑清晰、细节完善的交互文档；
2. 主动发现线上产品中的体验问题，并发起和落地产品优化项目；
3. 与市场、产品经理和视觉设计师紧密合作，探索创新产品玩法，提供创意及设计方案；

岗位要求：
1.  熟悉交互设计的基础理论和工具、以及设计心理学；对社交传播、H5创意营销有高敏感度；
2. 出色的设计表达能力，能将想法快速输出设计方案；
3. 主动、抗压能力强、对互联网产品设计有激情，善于沟通和表达专业见解；
4. 好审美和游戏化项目经验加分。",,高级交互设计师,1515394088,1266,920c614104,http://www.pinduoduo.com,
35,,上海,长宁区,上海,长宁区娄山关路533号金虹桥国际中心28楼北楼,bd10bd2d472cb6bb3c00201342f93232,public://avatar/2018/01-07/155901416169022556.png,0,5488d951c8221a36b4d7f83359c32d58,362356,5ce1ce9c4e,1515383201,9764,沈娜,,,0,0,本科,1-3年,,上海寻梦信息技术有限公司,D轮及以上,610cb86433d4f5dc51c25076539ad3b7,8275,移动互联网,设计#视觉设计#视觉设计师,31.208967,https://api.neituixiaowangzi.com/files/company/2017/12-28/180426602873294156.jpg,121.402636,8,15,0,500-2000人,,拼多多,,,,开放,娄山关路533号金虹桥国际中心28楼北楼,,"职位描述：
1、负责移动端和Web端相关产品的活动运营设计工作，能独立且高品质地完成任务；
2、负责公司部分线下平面设计制作和VI的维护，包含线下活动宣传物料等；
3、负责活动方案的创意及设计，能设计不同风格主题的广告素材。

必备条件：
1、 能独立完成大促类型页面设计并有成功案例；
2、善于沟通、团队协作，能表达视觉观点和设计价值；
3、工作积极主动，优秀的沟通能力和团队协作精神，富有创造力和责任感； 
4、能适应高强度和高效率的工作节奏。
 
加分项：
1、4A广告创意公司或一线互联网电商公司出身；
2、手绘功底好或平面排版功底好；
3、掌握线下印刷技术，对纸张，技术实现有丰富经验； 
4、熟悉和善于运用3D渲染、视觉动效；
5、擅于调研与分析运营banner的转化率，有独特方法论。",,高级视觉设计师（运营大促方向）,1515394026,1266,696c0745d3,http://www.pinduoduo.com,
36,,上海,长宁区,上海,长宁区娄山关路533号金虹桥国际中心28楼北楼,bd10bd2d472cb6bb3c00201342f93232,public://avatar/2018/01-07/155901416169022556.png,0,5488d951c8221a36b4d7f83359c32d58,362356,5ce1ce9c4e,1515383201,9764,沈娜,,,0,0,本科,3-5年,,上海寻梦信息技术有限公司,D轮及以上,6983b7d889217ebfd664ef1f05de90ae,8274,移动互联网,设计#视觉设计#UI设计师,31.208967,https://api.neituixiaowangzi.com/files/company/2017/12-28/180426602873294156.jpg,121.402636,20,40,0,500-2000人,,拼多多,,,,开放,娄山关路533号金虹桥国际中心28楼北楼,,"工作职责：
1、 基于对产品设计需求的良好理解能力，完成视觉概念设计提案及视觉设计；
2、团队协作设定产品整体界面视觉风格与创意规划。

必备要求：
1、优秀的视野品味，保持对国内外前沿设计的关注；
2、自我要求严格，能够不断打磨视觉稿的诸多细节，不断追求并突出自我能力上限； 
3、可以帮助身边同事在设计过程中发现问题，同时提出合理的解决方案；
4、能够换位思考，对用户需求体验理解深刻，很好的把握商业与设计的平衡点；
5、熟练运用交互设计各种方法，对交互设计理论有较深的了解和认识；
6、3年以上工作经验，有成功的线上案例，并有完整的设计作品集（能力较强可放宽条件）。

优先条件：
1、熟悉和善于运用3D渲染、视觉动效；
2、手绘功底好或平面排版功底好；
3、活跃于各种设计社区，图片社区或是技术社区，擅于调研与分析；
4、思维活跃、学习能力强；
5、有成熟独立的设计技巧或心得。",,资深UI设计师,1515393999,1266,8c3e4a4e85,http://www.pinduoduo.com,
37,,上海,长宁区,上海,长宁区娄山关路533号金虹桥国际中心28楼北楼,bd10bd2d472cb6bb3c00201342f93232,public://avatar/2018/01-07/155901416169022556.png,0,5488d951c8221a36b4d7f83359c32d58,362356,5ce1ce9c4e,1515383201,9764,沈娜,,,0,0,本科,3-5年,,上海寻梦信息技术有限公司,D轮及以上,e2389b1595f6f26be51a59ad26643f4e,8273,移动互联网,设计#视觉设计#视觉设计师,31.208967,https://api.neituixiaowangzi.com/files/company/2017/12-28/180426602873294156.jpg,121.402636,15,25,0,500-2000人,,拼多多,,,,开放,娄山关路533号金虹桥国际中心28楼北楼,,"工作职责：
1、参与App内大促运营活动专题设计，H5创意设计；
2、参与部分线下品牌推广设计，品牌树立。
必备要求：
1、对颜色&字体敏感、可以独立完成中英文字体设计；
2、可以驾驭不同活动期间的主题风格；
3、思维活跃，有新创意、想法，并可以将其转化为作品；
4、独特的设计品位，敏锐的时尚触觉；
5、工作3年以上，有成功的线上案例，并有完整的设计作品集（能力较强可放宽条件）。

优先条件：
1、4A广告创意公司或一线互联网电商公司出身；
2、手绘功底好或平面排版功底好；
3、掌握线下印刷技术，对纸张，技术实现有丰富经验； 
4、对孟菲斯、蒸汽波、故障艺术等艺术风格熟悉掌握，并能与之结合转化成作品；
5、熟悉和善于运用3D渲染、视觉动效；
6、擅于调研与分析运营banner的转化率，有独特方法论。",,资深视觉设计师（运营大促方向）,1515393972,1266,99077a70a9,http://www.pinduoduo.com,
38,,上海,长宁区,上海,长宁区娄山关路533号金虹桥国际中心28楼北楼,929b89ca0d2b8fbcfce4a186e03225be,public://avatar/2018/01-07/155901416169022556.png,0,5488d951c8221a36b4d7f83359c32d58,362356,5ce1ce9c4e,1515383202,9764,沈娜,,,0,0,不限,1-3年,,上海寻梦信息技术有限公司,D轮及以上,02be2a8a1fc3174613a6b4a2054a55fe,8374,移动互联网,设计#视觉设计#视觉设计师,31.208967,https://api.neituixiaowangzi.com/files/company/2017/12-28/180426602873294156.jpg,121.402636,7,14,0,500-2000人,,拼多多,,,,开放,娄山关路533号金虹桥国际中心28楼北楼,,"负责过淘宝、天猫旗舰店、京东等电商平台网站的设计、改版等经验；
负责过旗舰店产品的界面设计，制定相关产品的设计规范；
负责过线上推广活动相关的视觉设计和前端实现，包括EDM、页面、专题、Banner等；

岗位要求：
1.专科及以上学历，美术、设计等相关专业毕业；
2.2-3年电商设计经验，能够带领1-2人的小团队进行协作办公，并指导成员完成有一定难度的页面设计；
3.有很强的团队管理能力和沟通协调能力，注重细节，有广告行业经验优先；
4.具有较高的艺术设计能力、审美观点，能够熟练使用Dreamweaver、Flash、Fireworks、Photoshop等设计工具，有完整的个人作品；
5.有较强的美术功底和出色的网页平面设计审美功力，能独立策划、设计、制作高品位的网页；
6.善于沟通，具有良好的团队合作精神，良好的心态及抗压力，良好的领悟力和沟通能力及高度的责任心。
 
简历请附带作品，非常感谢！",,视觉设计师,1515392762,1266,88e7231f86,http://www.pinduoduo.com,
39,,上海,长宁区,上海,长宁区娄山关路533号金虹桥国际中心28楼北楼,929b89ca0d2b8fbcfce4a186e03225be,public://avatar/2018/01-07/155901416169022556.png,0,5488d951c8221a36b4d7f83359c32d58,362356,5ce1ce9c4e,1515383202,9764,沈娜,,,0,0,本科,3-5年,,上海寻梦信息技术有限公司,D轮及以上,3b73335bcd2321b161d5579fac7e690f,8348,移动互联网,设计#视觉设计#视觉设计师,31.208967,https://api.neituixiaowangzi.com/files/company/2017/12-28/180426602873294156.jpg,121.402636,12,20,0,500-2000人,,拼多多,,,,开放,娄山关路533号金虹桥国际中心28楼北楼,,"工作职责：
1.负责app内相关主题banner、h5活动页面，以及贴纸、水印、表情等平面部分的各种设计； 
 2.负责公司VI形象、吉祥物衍生品、产品包装等各种物料的设计； 
 3.负责独立完成或者主导各种线上线下活动主视觉以及相关物料的设计；  
4.参与各种活动方案的创意，设计不同风格主题的广告素材；  
5.负责或组织个别独立项目小组的完整设计流程，带领组员一起完成设计工作。  

任职资格：
1.本科及以上学历。艺术设计、平面设计、数字媒体等相关教育背景者优先；  2.3年及以上工作经验；  
3.具有非常良好的个人品味以及扎实的美术功底，擅长手绘，热爱设计，对时下流行的国际设计潮流有很高的敏感度；  
4.精通Photoshop等设计软件，有新颖的设计思想，有丰富的想象力，会AE及C4D者优先；  
5.具有良好的印前和完稿知识，接触过周边设计制作及供应商管理者优先；  
6.逻辑清晰、沟通力良好，富有团队协作精神，责任感强，有团队管理经验者优先；  
7.能适应高强度和快速的工作节奏； 
8.简历务必请带上个人作品集。
 ",,资深视觉设计师,1515385903,1266,05f963fe9b,http://www.pinduoduo.com,
40,,上海,长宁区,上海,长宁区娄山关路533号金虹桥国际中心28楼北楼,09aecedf6f617f3b5d18708ccb49a590,public://avatar/2018/01-07/155901416169022556.png,0,5488d951c8221a36b4d7f83359c32d58,362356,5ce1ce9c4e,1515383203,9764,沈娜,,,0,0,本科,1-3年,,上海寻梦信息技术有限公司,D轮及以上,35057010ec2443eb90ca0aeb6545ce84,8429,移动互联网,设计#视觉设计#平面设计师,31.208967,https://api.neituixiaowangzi.com/files/company/2017/12-28/180426602873294156.jpg,121.402636,8,15,0,500-2000人,,拼多多,,,,开放,娄山关路533号金虹桥国际中心28楼北楼,,"职位描述：
1、 负责移动端和Web端相关产品的节日大促活动设计工作，以及完成针对每次节日大促对各大平台的预热投放等节日大促活动相关设计
2、 对每年电商界节日大促运营设计，色调、风格，元素等设计方向有敏锐感知，并能独立设计出各种风格主题的节日大促设计，能够整体把控住移动端和web端的节日大促设计风格以及相关品宣工作的视觉统一
2、负责公司部分线下平面设计制作和VI的维护，包含线下活动宣传物料等；
3、负责活动方案的创意及设计，能设计不同风格主题的广告素材。
 
必备条件：
1、 能独立完成大促类型页面设计并有成功平台大促设计案例，；
2、善于沟通、团队协作，能表达视觉观点和设计价值；
3、工作积极主动，优秀的沟通能力和团队协作精神，富有创造力和责任感； 
4、能适应高强度和高效率的工作节奏。
 
加分项：
1、4A广告创意公司或多年一线互联网电商公司运营节日大促设计经验；
2、手绘功底好；
3、掌握线下印刷技术，对纸张，技术实现有丰富经验； 
4、熟悉和善于运用3D渲染、视觉动效；
5、擅于调研与分析运营banner的转化率。
请附上作品链接！！！！！！",,高级平面设计师,1515384953,1266,23c48174df,http://www.pinduoduo.com,
41,,上海,长宁区,上海,长宁区娄山关路533号金虹桥国际中心28楼北楼,09aecedf6f617f3b5d18708ccb49a590,public://avatar/2018/01-07/155901416169022556.png,0,5488d951c8221a36b4d7f83359c32d58,362356,5ce1ce9c4e,1515383203,9764,沈娜,,,0,0,本科,1-3年,,上海寻梦信息技术有限公司,D轮及以上,5874c176e80d0c8fbf2e1ed49f0aaaff,8428,移动互联网,设计#交互设计#交互设计师,31.208967,https://api.neituixiaowangzi.com/files/company/2017/12-28/180426602873294156.jpg,121.402636,15,25,0,500-2000人,,拼多多,,,,开放,娄山关路533号金虹桥国际中心28楼北楼,,"职位描述：
1、 为web端及无线端产品提供交互方案，提升B端用户的产品体验；
2、 梳理产品需求，制作保真原型及交互说明；
3、 与产品经理及技术人员紧密合作，推动符合场景/平衡业务的体验设计；
4、 关注并研究竞品，参与用户研究和可用性测试，推动产品创立或提升；
5、 助力设计规范的建立和维护，在企业内推广专业的UX思想；
 
必备条件：
1、 3年以上专业交互设计经验，设计或计算机相关教育背景；
2、 熟练运用网页、IOS及Android设计方法，熟练使用常用原型设计工具，对UX设计有专业的知识背景和一定的实践经验； 
3、 有一定的视觉审美，可以完成简单产品的视觉方案；
4、 可以通过分析数据及研究用户，优化设计方案；
5、 良好的逻辑思维能力，能快速理解产品需求，根据目标系统的梳理产品逻辑并快速实现交互细节；
6、 良好的沟通交流和跨团队协作能力，积极推动设计项目；
7、 良好的抗压性和多任务并行能力，确保计划内的方案进度；
8、 实时了解业内动态，与团队成员学习分享，帮助团队成长。
 
加分项：
1、有B端交互设计经验、Web端交互设计经验者优先；
2、对社交和电商行业有较深的理解，并有成熟的项目实践经验；
3、优秀的审美水平和一定的视觉设计能力；
4、有大型电商和一流国际企业工作经历者优先；",,高级交互设计师（B端产品）,1515384924,1266,9379d1651b,http://www.pinduoduo.com,
42,,杭州,滨江区,浙江,滨江区西可科技园,9ab7c468620076d8b051b6ba8013a71c,public://avatar/2018/01-02/184439158839073766.png,0,2b655e8add88977834482682d89c6c40,61,47d26abdf7,1514949040,7531,周颖,,,0,0,本科,3-5年,,网易（杭州）网络有限公司,已上市,681f50fa6405302ed8b3c1b4a0e086b0,7855,互联网,设计#交互设计#交互设计师,30.18899,https://api.neituixiaowangzi.com/files/company/2017/08-08/145003013535025692.jpg,120.19427,15,20,0,2000人以上,,网易杭州,,,,开放,西可科技园,,"我们的产品：网易蜗牛读书、网易云阅读、网易漫画；
需要你做：
1. 分析用户需求，编写产品规划PRD文档，输出产品原型和设计说明文档；
2. 配合设计和开发团队顺利完成产品的开发和迭代，优化设计流程与规范，归纳整合产品功能需求；
3. 熟练运用交互设计方法，根据产品需求，分析并给出最优的交互设计解决方案；
4. 针对产品特性制定可行的产品方案，包括系统逻辑、操作行为、界面布局等； 
5. 对现有产品进行可用测试和评估，并根据用户反馈制定可行的解决方案，进行产品迭代；
6. 全程跟踪产品，持续优化产品，提升产品的易用性，达到更好的用户体验；
7. 能够提出创新交互创意，设计出引领行业的交互方式。
资格要求：
希望你：
1. 重点院校本科及以上学历，交互设计、工业设计、心理学、计算机等相关专业；热爱文学或二次元优先；
2. 具有3年以上UE/UX设计经验，熟悉产品的开发流程，能充分的站在用户的角度，分析用户需求和理解用户行为，并制定相应的产品解决方案；
3. 有知名消费类电子产品或互联网公司工作经验者优先考虑；
4. 极客，把玩多种电子消费类产品，对时下新兴高科技类产品或未来科技有浓厚兴趣；
5. 熟练应用Axure、Visio、Photoshop等产品原型、流程图、线框图软件；能根据产品需求，运用原型工具快速设计原型图和交互流程；
6. 英语听说读写熟练（工作经验和能力突出者可适当放宽条件）；有较强的文字组织能力；
7. 具有优秀的创新能力、学习能力；优秀的沟通能力、分析问题及解决问题能力；
8. 正直诚信、勇于创新、敬业尽责；
9. 热爱本职工作，并且具备很强的团队合作精神；
* 简历附上本人最新设计的优秀作品若干。
",,高级交互设计师,1514949040,0,26d8e73daf,http://www.163.com,
43,,上海,黄浦区,上海,黄浦区成都南路142弄6号,,public://avatar/2017/12-28/172046470518260621.png,0,5e8b6bf0fb4aaeccc8738ebcb5bcf3f2,0,8db2011bb1,1514456843,6549,王海燕,,,0,0,本科,3-5年,,上海阿几网络技术有限公司,A轮,208f3e981a53a93d7b05ee2ed86de30d,7799,移动互联网,设计#交互设计#交互设计师,0,https://api.neituixiaowangzi.com/files/company/2017/10-28/081141001675781216.jpg,0,15,28,0,15-50人,,ARKie,,,,开放,成都南路142弄6号,,"职位描述：
我们是谁：
我们叫 ARKie，一家挑战了自己跨了界、混合设计与科技的公司，正在致力于创造用技术的方式改变设计行业的智能设计助手。2016 年 3 月，脱胎于设计圈知名的创新咨询公司 ARK Design。由 ARK 联合创始人、设计界“左手怪咖”王心磊创立。
ARKie 是一家 Family 文化的公司，在这里 —— 
管理扁平，不玩儿政治； 
每位员工都将被无条件地信任； 
可以专注地做任何你感兴趣地事情。 
现在，我们需要一大波人一起来创造规则————

你的工作内容：
1.了解企业用户业务逻辑，并结合 ARKie 现有功能提出针对企业用户的解决方案
2.和产品经理一起，把企业用户的需求转化为可落地的设计方案
3.将设计方案输出为逻辑清晰、细节完善的设计文档
4.和工程师密切沟通，保证设计方案的实施
5.参与规划产品迭代、探索产品策略和商业模式

我们对你的期望：
1.具有清晰的逻辑思维，能处理复杂逻辑系统和交互流程
2.具备一定的 UI 视觉设计能力
3.具有良好的沟通表达能力，表达设计方案并和团队成员沟通
4.抗压力强，责任感强，工作积极主动
5.有社区类或工具类产品经验优先

我们能提供：
工资自己说了算（毕竟创意无价
真正的弹性工作制，睡到自然醒不是问题（ 11 点上班都不奇怪
MacBook Pro 自选配置 + 4k 显示器
全额五险一金+商业保险
带薪病假 + 10 天年假
团队出游和不定期的吃喝玩乐
一个可以专心撸码画图没人打扰的空间
无限零食水果饮料和团餐",,高级交互设计师,1514456843,0,abc87fc045,http://arkie.cn,
44,,上海,黄浦区,上海,黄浦区成都南路142弄6号,,public://avatar/2017/12-28/172046470518260621.png,0,5e8b6bf0fb4aaeccc8738ebcb5bcf3f2,0,8db2011bb1,1514456312,6549,王海燕,,,0,0,本科,3-5年,,上海阿几网络技术有限公司,A轮,dd4cbd6f66c8913ca0b90f09e03fb55a,7795,移动互联网,设计#交互设计#交互设计师,0,https://api.neituixiaowangzi.com/files/company/2017/10-28/081141001675781216.jpg,0,15,28,0,15-50人,,ARKie,,,,开放,成都南路142弄6号,,"职位描述：
ARK正在寻找既有开创性的设计思维，又有扎实的实践能力的交互设计师。

你在ARK的工作大概如下，但不限于此：
- 熟练灵活的应用设计方法，策划并带领团队执行用户研究与市场调研，挖掘用户洞察与设计机会点；
- 通过系统性思考，提出革新的整体概念。带领团队，产出为客户与用户带来双重价值的设计概念；
- 将设计概念转化为高性价比的解决方案， 构建产品功能与交互架构；
- 以可实施性为目标，细化解决方案，并指导团队，进行严谨明确的设计表达；
- 与客户面对面，以生动的演讲和多角度沟传达设计理念与价值，赢得信任与认同；
- 帮助团队中的年轻设计师成长，为团队带来视角丰富、具有建设性的经验和见解。

希望你：
- 能用敏锐而独到的眼光去发现设计机会，用大胆而新锐的思路去创造具有价值的整体设计方案；
- 在熟练使用设计方法和设计工具的基础上，利用严谨的逻辑思维能力、对可实现性与成本的综合考量、高效而有策略的执行，将前瞻性的设计概念转化为清晰可实现的解决方案。",,资深交互设计师（ARK Design）,1514456312,0,014a787ca9,http://arkie.cn,
45,,上海,黄浦区,上海,黄浦区成都南路142弄6号,,public://avatar/2017/12-28/172046470518260621.png,0,5e8b6bf0fb4aaeccc8738ebcb5bcf3f2,0,8db2011bb1,1514456244,6549,王海燕,,,0,0,本科,3-5年,,上海阿几网络技术有限公司,A轮,52510e61e6ce386a319ae5f11f39f704,7794,移动互联网,设计#视觉设计#视觉设计师,0,https://api.neituixiaowangzi.com/files/company/2017/10-28/081141001675781216.jpg,0,15,28,0,15-50人,,ARKie,,,,开放,成都南路142弄6号,,"职位描述：
ARK正在寻找擅于发现、重视积累、理性思考，并赋有艺术气质的视觉设计师。

你在ARK的工作大概如下，但不限于此：
- 指导及引领视觉团队成员，学习及运用设计方法，把握整体视觉设计方向；
- 实时把握设计趋势，结合设计方法，发掘产品基调的走向；
- 敏锐判断产品基调的优劣，与团队协作，产出为客户与用户带来双重价值的设计概念；
- 将设计概念转化为方向性的视觉设计，带领制定更契合产品的视觉原则；
- 以可实施性为目标，细化设计，引导并建立可以确保后续设计延展统一的详细原则；
- 与客户面对面，以生动的演讲和多角度沟传达设计理念与价值，赢得信任与认同。

希望你：
- 能从各种角度发现问题，擅于思考及寻找解决问题的方式；
- 能从各种方面尝试积累，记录及总结生活、工作或其他领域中寻找到的灵感；
- 能通过你的艺术气质结合理性的思考，创造更具有价值的设计及原则。",,资深视觉设计师（ARK Design）,1514456244,0,3d14039152,http://arkie.cn,
46,,上海,黄浦区,上海,黄浦区成都南路142弄6号,,public://avatar/2017/12-28/172046470518260621.png,0,5e8b6bf0fb4aaeccc8738ebcb5bcf3f2,0,8db2011bb1,1514455749,6549,王海燕,,,0,0,本科,1-3年,,上海阿几网络技术有限公司,A轮,f9b4507ffd9559894fc16bfdf6cc1be8,7789,移动互联网,设计#视觉设计#视觉设计师,0,https://api.neituixiaowangzi.com/files/company/2017/10-28/081141001675781216.jpg,0,8,16,0,15-50人,,ARKie,,,,开放,成都南路142弄6号,,"职位描述：
ARKie 是由 ARK Group 于2017年春季正式推出的一款基于人工智能技术、聚焦中英文字体排版、秒级自动生成作品、无上限精准匹配方案的智能设计助手。

你的工作内容：
包括但不限于：
1.参与视觉设计研究，分析提炼设计范式并将其转化为可用的排版规则；配合整理编写排版规则设计文档;
2.参与品牌 VI 设计，共同定义 ARKie 的视觉设计语言与制定VI Guidelines;
3.参与新版产品的整体概念设计，配合完成产品的视觉概念设计原型。

我们对你的期望：
1.1-3 年产品界面设计经验或平面设计经验；
2.艺术设计、工业设计、广告营销等相关专业领域；
3.有独立完成品牌 VI 项目的经验和能力／有独立完成产品界面视觉设计方案的经验和能力；
4.具备一定的产品全局观，能跳出视觉设计，从产品和交互设计的角度衡量设计质量；
5.有优秀的审美能力，注重自身品味和视野提升；
6.有优秀的学习能力、自我驱动力和良好的沟通协作能力；
7.善于思考，能独立分析和解决问题，责任心强，具备良好的团队合作精神和承受压力的能力；
8.有好奇心，关注设计新趋势和新技术发展。

我们能提供的：
Macbook Pro 自选配置 + 4k显示器；
自由工作时间；
10天带薪年假及全薪病假；
商业保险；
年度体检；
每周团餐。

",,视觉设计师,1514455749,0,d2f4d0d045,http://arkie.cn,
47,,杭州,滨江区,浙江,滨江区长河街道江南大道618号东冠大厦12楼,,public://avatar/2017/12-27/145426101769879896.png,0,fde8743f652043f4bacf0b06c934e16c,0,c6fb89742f,1514359172,6216,刘潇,,,0,0,本科,3-5年,,杭州冒险元素网络技术有限公司,B轮,2f1b9c33f1755d5ee417e095bdddc237,7761,移动互联网,设计#视觉设计#UI设计师,0,https://api.neituixiaowangzi.com/files/company/2017/10-28/080734103177633768.png,0,12,24,0,150-500人,,环球黑卡,,,,开放,长河街道江南大道618号东冠大厦12楼,,"岗位职责
1.负责环球黑卡产品WEB\APP\H5等多平台视觉设计；
2.参与各团队设计讨论，协助研发、测试和产品团队，按时按质完成项目设计需求。参与对现有产品进行视觉交互易用性改善；
3.分享设计经验、推动提高团队的设计能力。

岗位要求：
1.3年以上(Web+Mobile)方向UI设计，具备成熟视觉设计能力对用户体验有较好的理解，了解视觉发展趋势，有一定动效设计经验；
2.精通Photoshop、Illustarctor、Sketch、 After Effects等设计工具；
3.具备良好合作态度及团队精神, 并富有工作激情、创造力和责任感。
",,高级UI设计师,1514359172,0,a87ff20765,http://www.ultimavip.cn,
48,,北京,海淀区,北京,海淀区中关村互联网教育创新中心B座1016室,584649059131f0f9d77b329ad569ed74,public://avatar/2017/12-23/123328991946256523.png,0,5903923fe6842791814d61112796dbb1,16935,97d0cab6ac,1514020737,3292,沙娅男,,,0,0,本科,应届生,,三节课信息咨询（北京）有限公司,天使轮,2ca1f3f4db4ad55bc95a934a97aa135e,7699,教育,设计#交互设计#交互设计师,39.9836,https://api.neituixiaowangzi.com/files/company/2017/10-28/080833007657137257.png,116.3178,2,3,0,15-50人,,三节课,,,,开放,中关村互联网教育创新中心,B座1016室,"职位描述
1.参与公司的web端／移动端产品的交互与视觉设计
2.参与产品讨论，与产品经理／工程师协作，从视觉设计和用户体验角度提出建议与解决方案。
3.负责公司运营、营销、线下活动的物料设计与制作

任职要求
1.对设计有热情，对用户体验敏感，善于用设计语言解决问题
2.优秀的设计品位与审美能力，有摄影或插画技能加分
3.良好的沟通能力和执行推动能力
4.简历请附作品集：网页／PDF链接
5.设计类专业（艺术设计、工业设计、视觉传达等）大三／大四在校生
",,UI实习僧,1514020737,0,20fcce1cdb,http://www.sanjieke.cn,
49,,杭州,滨江区,浙江,滨江区网易大厦,3a6f6b188c5b0a6239ef3024b50cd9d6,public://avatar/2017/12-28/152356640198608527.png,0,fc9869bf4bd22d9ee41a22966b7acdc8,33339,de37ea2472,1513921566,1982,俞静,,,0,0,本科,3-5年,,杭州网易云音乐科技有限公司,A轮,bfad1d1655cf11924a23dbfe673b1ca1,7668,移动互联网,设计#交互设计#交互设计师,30.18746,https://api.neituixiaowangzi.com/files/company/2017/10-28/081255472005483218.png,120.19127,15,30,0,150-500人,,网易云音乐,,,,开放,网易大厦,,"岗位描述
1.参与云音乐客户端产品的规划构思和创意过程；
2.分析业务需求，并加以分解，归纳产品人机交互界面需求；
3.跟进设计方案的执行和后续表现，关注数据、反馈和行业，不断改进用户体验；
4.制定并实施相关平台设计规范。

岗位要求
1.三年以上相关工作经验；
2.热爱设计，很强的自驱动力及钻研精神，善于发现问题；
3.逻辑思维能力强，动手能力好；
4.懂得用数据驱动产品优化和创新，善于用科学的方法提出改进或创新设计，能推进设计落地；
5.具备优秀的理解和沟通能力，能在复杂情境和约束条件下找到平衡和创新的方法；
投递简历请提供作品集。",,资深交互设计师,1513933275,1022,6d16c88781,http://music.163.com/,
50,,杭州,余杭区,浙江,余杭区仓前街道仓兴路1号2幢102室良仓太炎众创空间102室,8b86cf61c041048defad0b4690d44abc,public://avatar/2017/12-23/125726072052486259.png,0,2d7fc442d20f797bba520b133ef7bc04,24,6b433928fe,1513838438,75,张丽娜,,,0,0,本科,1-3年,,杭州秒赞科技有限公司,天使轮,b223e8a28a1813fb7404db3a1d1db2fd,7654,生活服务,设计#视觉设计#原画师,30.290839,https://api.neituixiaowangzi.com/files/company/2017/12-21/143445970265185760.png,120.003034,8,16,0,少于15人,,秒赞科技,,,,开放,仓前街道仓兴路1号2幢102室,良仓太炎众创空间102室,"- 手绘能力强
- 使用cocos2d或者spine，掌握2d骨骼动画系统
- 曾任游戏UI设计师、2d原画师或者2d动画师
- 有成熟作品提供
- 热爱创业团队工作氛围
",,2D绘画师,1513838438,0,2dd9e28648,http://miaobo.me,
51,,杭州,余杭区,浙江,余杭区仓前街道仓兴路1号2幢102室良仓太炎众创空间102室,8b86cf61c041048defad0b4690d44abc,public://avatar/2017/12-23/125726072052486259.png,0,2d7fc442d20f797bba520b133ef7bc04,24,6b433928fe,1513838393,75,张丽娜,,,0,0,本科,3-5年,,杭州秒赞科技有限公司,天使轮,bbd777c9734c38520ebc48c9d189a568,7653,生活服务,设计#视觉设计#UI设计师,30.290839,https://api.neituixiaowangzi.com/files/company/2017/12-21/143445970265185760.png,120.003034,10,20,0,少于15人,,秒赞科技,,,,开放,仓前街道仓兴路1号2幢102室,良仓太炎众创空间102室,"岗位职责：
1. 负责AR游戏的界面设计和动效设计
2. 和产品经理紧密配合，兼顾创意和高效执行

岗位要求：
1. 设计类或美术类专业本科以上学历
2. 良好的美术基础及出色的审美品位
3. 出色的手绘能力和动效制作能力，有手游设计经验优先

你有机会得到的：
* 学习基于Google Design Sprint理念的设计流程
* 不局限视觉设计框架，从用户心智模型出发的设计
* 掌握设计中的产品思维，提高设计的格局
",,UI设计师,1513838393,0,64151949ed,http://miaobo.me,
52,,上海,杨浦区,上海,杨浦区隆昌路619号城市概念创意园区,c477b01ea35c5b7502bbfd3e8beb66fa,,0,9c63b39b87c98d99922c35dabd506578,30073,938b33de4c,1513320035,2179,若御风,,,0,0,不限,3-5年,,上海优刻得信息科技有限公司,D轮及以上,1a26ce104ed0358586d0a9cf72374387,7365,数据服务,设计#视觉设计#视觉设计师,31.275644,https://api.neituixiaowangzi.com/files/company/2017/10-28/081204024161170781.jpg,121.539504,15,20,0,500-2000人,,UCloud,,,,开放,杨浦区隆昌路619号城市概念创意园区,,"工作职责：
1. 同需求方进行需求对接，同时承担起沟通协调的桥梁工作。
2. 培养、指导设计师，并提升其设计品质。需要时带领设计师头脑风暴，形成设计方案。
3. 管理项目排期、协调人力资源、质量审核把控。制定、维护设计工作的流程规范
4. 寻找、联系、管理外包资源。
5. 必要时亲自完成项目的视觉设计工作。

任职资格：
UCLOUD作为国内顶尖的云计算服务商，为众多客户提供了数十项云计算相关产品。我们的员工大多来自BAT和国外顶尖技术企业，作为一家拥有更高志向的公司，我们需要出色的设计师引领团队创造独一无二的产品和传播体验。设计师将被赋予较大自由度，工作将不仅限于“设计”本身。并同市场与销售人员、产品经理和研发人员等紧密合作，自下而上地推动变革、创造价值。

1. 有管理、带队经验和出色的设计能力。同时了解最新的视觉设计趋势。
2. 有较强沟通能力、理解力和创造力。专注细节，有学习热情，对用户体验感兴趣；
3. 3年及以上工作经验，设计教育背景或有相关行业工作经验者优先；
4. 工作积极主动，有团队精神，责任感强，能承受工作压力，愿意承担具有挑战性的工作。",,PPL-视觉设计指导,1513679911,1266,f841b4760c,http://www.ucloud.cn,
53,,上海,杨浦区,上海,杨浦区隆昌路619号城市概念创意园区,769ce621b11dfbceda8445eef788c6fd,,0,9c63b39b87c98d99922c35dabd506578,30073,938b33de4c,1513320025,2179,若御风,,,0,0,本科,3-5年,,上海优刻得信息科技有限公司,D轮及以上,3840b979899c3873656f4662524ae983,7230,数据服务,设计#视觉设计#视觉设计师,31.275644,https://api.neituixiaowangzi.com/files/company/2017/10-28/081204024161170781.jpg,121.539504,10,20,0,500-2000人,,UCloud,,,,开放,杨浦区隆昌路619号城市概念创意园区,,"工作职责：
 1. 带领并把控产品UI、线上线下推广和平面设计工作的创意和质量；
2. 主导整体视觉风格和VI设计
3. 监督并指导整个设计团队的分工协作；
4. 建立团队梯度，帮助成员成长；任职资格：

工作要求： 
1. 精通各种设计软件，有扎实的美术功底，有成熟的设计思维；
2. 5年及以上设计相关工作经验，熟悉各类设计领域者优先，有3年以上管理经验者优先；
3. 良好的沟通能力和理解能力，善于总结工作方法，具有良好的团队协作精神；4. 勇于接受挑战，善于自我激励，具有强烈的学习热情和进取心。",,视觉设计专家,1513679909,1266,d9f00a4ca0,http://www.ucloud.cn,
54,,杭州,,浙江,江虹路 611 号上峰电商产业园3号楼3楼,fc7fbe0489564a3603855070adba58d9,public://avatar/2017/12-23/125749690964931335.png,0,fd21ccfbd1dd5c651f2adc016e2b05e4,12174,8953903f75,1512720728,99,耿娟,,,0,0,本科,3-5年,,观澜网络（杭州）有限公司,C轮,30e83843ef582a63371b9c2602142af9,6472,移动互联网,设计#视觉设计#视觉设计师,30.188041,https://api.neituixiaowangzi.com/files/company/2017/12-25/103425031785461512.png,120.201179,9,15,0,500-2000人,,丁香园,,,,开放,江虹路611号上峰电商产业园,3号楼3楼,"1、负责丁香园运营日常设计工作，包括活动专题页面（PC、移动）、H5、信息可视化、线下物料等相关视觉设计； 2、负责线上线下推广素材及会议宣传活动物料的设计与制作（微信推广、易拉宝等）；3、负责运营活动整体设计规划，产品的视觉和交互方案，保证产品的可用性、易用性；4、参与活动、专题、推广的策划与定制，根据要求完成设计风格定位及创意；5、负责优化项目流程和设计过程，并建立设计规范，以保持设计执行高品质、高可靠性和高安全性标准；6、参与用户体验计划，通过研究医生群体特质、分析活动数据，改进视觉设计；7、负责带教，提升视觉设计师专业能力。

任职条件：
1、有良好的视觉把握能力，能熟练地操作各类设计软件，如photoshop、AI等；2、4年以上相关设计经验，本科及以上学历，有互联网设计从业经验或者广告公司相关经验者优先；
3、较强的创意、组织、策划能力，良好的文字表达能力，思维敏捷；
4、诚实正直，有责任感 ，具备良好的合作态度和团队精神，富有工作激情，有丰富的设计理论知识和对流行趋势敏锐的洞察力，能给团队分享设计经验；
5、有手绘与插画能力，动效制作能力者优先；
6、投递简历时请附带个人作品或链接。",,高级运营视觉设计师,1513679889,1266,028598de19,http://www.dxy.cn/,
55,,杭州,,浙江,江虹路 611 号上峰电商产业园3号楼3楼,3dd0436aaf2d18d1ac52bc3362418f9b,public://avatar/2017/12-23/125749690964931335.png,0,fd21ccfbd1dd5c651f2adc016e2b05e4,12174,8953903f75,1512720730,99,耿娟,,,0,0,本科,1-3年,,观澜网络（杭州）有限公司,C轮,37b606ec131ee01e4f9d6327d4a44c94,6498,移动互联网,设计#交互设计#交互设计师,30.188041,https://api.neituixiaowangzi.com/files/company/2017/12-25/103425031785461512.png,120.201179,10,20,0,500-2000人,,丁香园,,,,开放,江虹路611号上峰电商产业园,3号楼3楼,"职位描述： 
1、负责丁香云管家产品交互设计、界面设计与视觉优化； 
2、参与产品需求讨论和创意过程，提供视觉及交互设计建议； 
3、熟知产品与用户，理解并独立完成移动产品需求，并且能够持续扩展及优化； 
4、关注所负责产品的设计动向，为产品提供专业的设计意见。 

任职条件： 
1、本科及以上学历，1年以上移动产品 UI 设计经验，对 UI 设计去是又灵敏的触觉和领悟能力； 
2、熟悉iOS/Android/小程序等各大平台的设计规范，关注用户体验设计； 
3、熟练使用 Sketch、PS 等设计软件，有深厚的美术功底； 
4、具有理性思考能力，能基于数据分析和用户洞察来设计产品； 
5、具备良好的合作态度及团队精神，富有工作热情和创造力。 

优先条件： 
1、心理学、工业设计、人机交互、视觉传达相关专业者优先； 
2、有业余时间独立完成的作品，并发布在个人 Dribbble 主页者优先； 
【注意】简历中请务必附带作品集或个人作品主页！！！ ",,交互设计师（技术产品部）,1513679889,1266,6484f385e2,http://www.dxy.cn/,
56,,武汉,东西湖区,湖北,东西湖区 东湖新技术开发区关山大道保利国际中心,,public://avatar/2017/12-23/123348465471552387.png,0,16fb6a6c36699a6b0c56b6c8f6471d19,0,29c247cb9b,1513598203,3669,侯明明,,,0,0,本科,1-3年,,北京优帆科技有限公司,D轮及以上,96e5700fb9c32009b7f544693c29082d,7553,数据服务,设计#视觉设计#UI设计师,30.492912,https://api.neituixiaowangzi.com/files/company/2017/10-30/012231888621276257.png,114.402795,8,16,0,150-500人,,青云,,,,开放,东湖新技术开发区关山大道保利国际中心,,"工作职责
1、负责青云产品的整体设计工作，包括 Web & App 产品
2、在产品设计前期与前后端工程师沟通，理解产品目标及意义
3、负责产品的 UI 及部分视觉设计，输出高质量的设计4、负责产品的交互设计。
4、发散思维，分析竞品或从其他产品设计中获取灵感，为产品注入更合适、有效的交互、UI 展示及落地的解决方案

5、负责日常的产品更新及维护，不断提升产品的用户体验

职位要求
1、视觉或其他设计相关专业，热爱互联网产品和设计，宽阔的设计视野
2、2年以上 Web/App UI 或产品设计经验，对交互有较深的认识和研究
3、优秀的设计思维和表现，合理把控细节和全局，较强的逻辑思维及分析能力
4、良好的沟通和表达能力，较强的团队协作能力和自驱力

加分项：
1、有完整、成熟的产品设计经验
2、熟悉 HTML、CSS 等 Web 专业知识，了解云计算行业及产品功能",,UI 设计师 ,1513679874,0,158eb685e4,http://www.qingcloud.com,
57,,厦门,思明区,福建,思明区思明区 不在书店 华新路13号,,public://avatar/2017/12-23/123357752631145717.png,0,bee793bf8a281e3c0f59bf1bd12d0900,0,d220f6736e,1513592288,3855,Kevin Cao,,,0,0,专科,1-3年,,厦门不在文化传播有限公司,未融资,7eae566dd31acee293426fd590b1993d,7534,文化娱乐,设计#视觉设计#UI设计师,24.459307,https://api.neituixiaowangzi.com/files/company/2017/10-28/083931748254590942.png,118.087021,6,12,0,15-50人,,不在书店,,,,开放,思明区思明区华新路13号,,"任职要求:
3年以上互联网产品设计经验。
能够独立处理设计项目，包括发现用户需求和分析其他竞品的视觉(UI)设计。
精通Photoshop或Sketch等设计工具。
精通iOS和Android用户界面设计指南。
对用户体验设计具备强烈的敏感度和专业度。
具备摄影、动画等多种设计能力是加分项。
在Dribbble、Behance或站酷等设计站有作品集是加分项。

岗位职责:
负责设计儿童书院线上产品。
建立公司设计标准库。",,UI设计师,1513679873,0,fa623f468d,http://buzaishudian.com,
58,,北京,海淀区,北京,海淀区天信亮酒店二层,,public://avatar/2017/12-23/123310341973654540.png,0,5459591459b5d206feae67f785ebad0e,0,b303ec2814,1513236443,3143,肖焱,,,0,0,本科,5-10年,,北京火币天下网络技术有限公司,A轮,4a41e5ec21e2beeb4a576fdb14e75ad6,7035,移动互联网,设计#视觉设计#视觉设计师,40.054362,https://api.neituixiaowangzi.com/files/company/2017/10-28/080852306669238233.jpg,116.316550,15,30,0,150-500人,,火币网,,,,开放,海淀区天信亮酒店二层,,"岗位职责：
1、负责公司产品banner、海报、H5、专题、闪屏等线上线下平面视觉设计与调性把控；
2、负责公司及产品品牌创意设计、形象塑造、品牌VI修正、迭代升级及推广展示；
3、根据运营推广策略进行市场渠道活动的宣传品设计，包括海报、易拉宝、宣传册等；
4、参与产品运营的创意构思，提供专业的设计建议和可执行方案

任职要求：
1、从事相关设计工作5年以上，美术及设计专业本科以上学历，具有良好的审美素养及较强的创意构思能力，有激情、有创意；
2、有新颖的平面视觉设计理念，较强的设计表现力，善于捕捉国内外设计趋势；
3、精通Photoshop、Illustartor、C4D等流行设计工具，有手绘能力者优先；
4、具备良好合作态度及团队精神、较强的沟通能力，并富有工作激情、创造力和责任感，能承受一定强度的工作压力；
5、成熟互联网品牌、视觉设计工作经验，有4A工作背景者优先。",,资深视觉设计师 ,1513679861,0,e44279ec86,http://www.huobi.com,
59,,深圳,南山区,广东,南山区康佳研发大厦21楼B区,027d1d77011a93c86b617c7a636ee162,,0,a25e859cf4b6d551c9988049cf35156a,35847,ab922e7ee1,1511867340,1601,一木,,,0,0,本科,3-5年,,心灵失重（北京）科技有限公司,A轮,4be57c8dd17401090cf731381130493a,637,移动互联网,设计#视觉设计#视觉设计师,22.539519,https://api.neituixiaowangzi.com/files/company/2017/10-30/012254219428735460.png,113.956948,10,20,0,50-150人,,糗事百科,,,,开放,南山区康佳研发大厦,21楼B区,"岗位职责：
.在充分理解产品设计目标的基础上，完成产品视觉方案；
.为产品设定符合产品气质的美术风格。

任职要求：
.非常优秀的视觉设计能力，且具有互联网思维；
.三年以上知名互联网公司UI设计师经验，拥有手绘功底；
.熟练使用Photoshop、Illustrator等设计软件；
.善于创新，对自己的设计产出有严格的质量把控；
.良好的沟通能力，具备良好的团队协作能力；
.具备一定的设计理论基础，能够清晰地表达自己设计理念和意图；
.关注业内设计动态和互联网产品趋势。

加分项：
.最好有影视、综艺节目的特效、动画设计经验
.扎实的平面设计基础，对于除UI设计之外的平面设计也有涉猎；
.活跃于各种设计社区（dribbble、behance、站酷、ui.cn 等）；
.有独到的产品设计理念，形成了一定的自我设计风格",,视觉设计师,1513679849,0,d013061ddf,http://www.qiushibaike.com,
60,,上海,杨浦区,上海,杨浦区隆昌路619号城市概念创意园区,164852df079b015a9a8f1e2de80e6ef2,,0,9c63b39b87c98d99922c35dabd506578,30073,938b33de4c,1513320038,2179,若御风,,,0,0,本科,应届生,,上海优刻得信息科技有限公司,D轮及以上,7ef4fbd8ce143b83de604d621eaf7aa7,7405,数据服务,设计#交互设计#交互设计师,31.27622,https://api.neituixiaowangzi.com/files/company/2017/10-28/081204024161170781.jpg,121.54198,8,15,0,500-2000人,,UCloud,,,,开放,隆昌路619号城市概念创意园区,,"岗位职责：
视觉设计师：负责公司各产品UI及线上、线下宣传物料的设计工作，负责完善视觉设计流程，实现用户体验的一致性。
交互设计师：同产品经理、UI设计师和前后端工程师紧密合作，负责桌面和移动端的产品交互设计；进行用户访谈和调研，完成架构、流程设计，提出最佳交互设计及操作方案，并实现；

任职要求：
1、2018年本科及以上学历，艺术设计、工业设计、计算机科学、心理学专业优先
2、对用交互设计、用户体验、用户研究等方面的知识感兴趣
3、了解云计算或互联网相关知识者优先",,2018届校招-视觉/交互设计师,1513674874,1266,318a6ea126,http://www.ucloud.cn,
61,,北京,海淀区,北京,海淀区天信亮酒店二层,,public://avatar/2017/12-23/123310341973654540.png,0,5459591459b5d206feae67f785ebad0e,0,b303ec2814,1513235805,3143,肖焱,,,0,0,本科,3-5年,,北京火币天下网络技术有限公司,A轮,5d4da921c5b558f703ea27ecee5d6a75,7025,移动互联网,设计#视觉设计#UI设计师,40.05468,https://api.neituixiaowangzi.com/files/company/2017/10-28/080852306669238233.jpg,116.31712,10,20,0,150-500人,,火币网,,,,开放,天信亮酒店二层,,"职位描述：
工作职责
1、负责金融类产品的视觉设计工作，提供全局的设计方案；
2、参与产品讨论、交互设计，推动技术还原界面设计，检查并修正设计问题，对最终效果负责；
3、参与并制定设计原则和规范，达成统一的产品视觉风格；

岗位要求
1、设计相关专业毕业；熟练使用相关设计工具；
2、丰富的网页及移动端产品的视觉设计经验，有成功的市场案例者优先考虑；
3、对UI设计趋势有灵敏触觉和领悟能力；
4、熟悉相关交互设计及用户研究方法和工作流程，能够独立支持产品的设计工作；
5、关注细节，追求极致体验；
6、具备良好合作态度及团队精神，富有工作激情. 创造力和责任感，

重点：简历需要附带作品",,高级UI设计师 ,1513674867,0,1644d79ae8,http://www.huobi.com,
62,,青岛,市南区,山东,市南区青岛国际动漫游戏产业园E座204,,public://avatar/2017/12-23/123244408798809089.png,0,e8ed08df3cccf1fcf115a6c4e6a769fd,0,6fb015a243,1513050736,2939,沙小皮,,,0,0,本科,不限,,青岛视觉志文化传媒有限公司,不需要融资,827b8b130c41c0fe1775bfbd2e9a937c,6823,移动互联网,设计#视觉设计#原画师,36.089,https://api.neituixiaowangzi.com/files/company/2017/11-30/104128168212973850.jpeg,120.41643,7,14,0,50-150人,,视觉志,,,,开放,青岛国际动漫游戏产业园E座204,,"职位描述
根据文案脚本和统一风格，进行条漫创作，并具备形象设计优化，头像、壁纸、表情等创作能力。

岗位要求：
1、熟练使用手绘板，精通PS，SAI等软件；
2、擅长蠢萌圆和温暖小清新风格，并具备创造力；
3、有丰富的想象力和画面表现力，色彩感好。
（请随简历提交相关作品）",,条漫画师,1513674865,0,01003cbbfe,,
63,,上海,浦东新区,上海,浦东新区张江碧波路690号张江微电子港7号楼302,,,0,01cdddb615b78822494cb3a5258fc47b,0,df2e9c8d15,1511438937,2137,张莉,,,0,0,本科,5-10年,,上海领健信息技术有限公司,B轮,ad1c6f81cd0b02cc3340043f6fd818e1,433,移动互联网,设计#高端设计职位#视觉设计总监,31.19983,https://api.neituixiaowangzi.com/files/company/2017/10-28/083059372515532349.png,121.58353,25,30,0,150-500人,,领健信息,,,,开放,张江碧波路690号张江微电子港7号楼302,,"岗位职责
1、研究所有公司产品，定义不同类别产品的交互设计规范，并推动规范在整个团队执行；
2、理解产品的战略意义，分析商业需求和技术可行性，在有限的项目资源内进行设计决策，给出正確的解决方案；
3、关注移动互联网行业发展，对业务和行业敏感，对核心产品和业务产出具有前瞻性的体验提案；
4、注重用户反馈，产品数据，设计趋势与发展，具备完整的设计思考体系，整理并挖掘更全面的用户特征及产品需求，能够运用科学合理的设计策略帮助产品建立良好的交互体验，并持续进行产品优化迭代；
5、进行数据分析和可用性测试，评估产品上线后的效果，并提出用户体验改善计划；
6、分享设计经验，沉淀设计方法，总结设计思想，与团队共成长。


任职要求
1、本科及以上学历，工业设计、计算机、心理学、体验设计等相关专业；
2、5年以上平台软件或移动客户端 UX/UI 经验，有成功的作品，有医疗相关行业经验为佳；
3、对医疗互联网产品有深入体验经验和理解、见解的优先考虑； 
4、对产品有整体规划和梳理产品信息架构的能力，善于梳理各种因素之间的关系；
5、熟悉研究方法论，熟悉一般研究步骤，了解各种研究方法，有一定的统计和数据分析基础；
6、责任心强，具有良好的沟通能力和推进团队目标的能力。",,设计总监,1513674862,0,c13fb88143,http://www.linkedcare.cn,
64,,上海,浦东新区,上海,浦东新区张江碧波路690号张江微电子港7号楼302,,,0,01cdddb615b78822494cb3a5258fc47b,0,df2e9c8d15,1511439070,2137,张莉,,,0,0,本科,3-5年,,上海领健信息技术有限公司,B轮,5f00e44ecb80a428e00e3fb4ca1bedec,434,移动互联网,设计#用户研究#UX设计师,31.19983,https://api.neituixiaowangzi.com/files/company/2017/10-28/083059372515532349.png,121.58353,15,22,0,150-500人,,领健信息,,,,开放,张江碧波路690号张江微电子港7号楼302,,"岗位职责
1、参与业务分析并理解用户需求，准确理解产品需求及设计；
2、参与整个产品周期体验设计，构建产品交互/视觉识别体系，完善设计规范；
3、负责产品用户体验相关的活动，包括产品业务分析、交互工作流分析，以及界面交互需求和可用性分析；
4、协同产品经理、软件工程师一起设计新的产品用户界面和工作流模型，并组织相关人员一起评估；
5、负责产品设计规划、产品界面原型及交互流程，并结合用户研究进行原有界面及流程的优化；
6、组织梳理交互设计规范并负责维护和实施，参与创新产品的策划及设计。

任职条件
1、本科及以上学历，美术、设计相关专业；
2、有3年以上复杂产品交互设计工作经验，精通Photoshop、Illustrator等设计软件；
3、有良好的创意思维和理解能力，执行力强，能时刻关注产品整体风格并适配产品需求；
4、热爱生活，喜欢并熟悉企业服务及互联网产品，对产品易用性和交互设计敏感；
5、对交互设计有较为深刻的理解，能理解易用性和交互设计在产品各个阶段的职责有深刻的理解，并有丰富的实际设计经验；
6、 良好的沟通与协调的能力，良好的合作态度及团队精神。",,资深UXD设计师,1513674862,0,1181158742,http://www.linkedcare.cn,
65,,杭州,,浙江,江虹路 611 号上峰电商产业园3号楼3楼,48769f391ecdd406bd9b2dc738b0bf5b,public://avatar/2017/12-23/125749690964931335.png,0,fd21ccfbd1dd5c651f2adc016e2b05e4,12174,8953903f75,1512720715,99,耿娟,,,0,0,本科,1-3年,,观澜网络（杭州）有限公司,C轮,21b6f14285120bc2ce8931c85f25baa1,6292,移动互联网,设计#视觉设计#视觉设计师,30.18808,https://api.neituixiaowangzi.com/files/company/2017/12-25/103425031785461512.png,120.19961,2,4,0,500-2000人,,丁香园,,,,开放,江虹路 611 号上峰电商产业园3号楼3楼,,"职位描述：
1、负责PC、移动端广告创意，活动专题设计等；
2、负责宣传物料、印刷品设计等。

任职条件：
1、艺术、设计专业背景，热衷于平面设计、网页设计、艺术设计，学习能力强；
2、善于协作与沟通，具备良好的团队合作精神；
3、2018年毕业生，每周实习时间不少于3天。",,视觉设计实习生,1513674413,1266,9973d379b9,http://www.dxy.cn/,
66,,北京,朝阳区,北京,朝阳区朝来科技园16号楼6-7层,,public://avatar/2017/12-23/123348465471552387.png,0,16fb6a6c36699a6b0c56b6c8f6471d19,0,29c247cb9b,1513599155,3669,侯明明,,,0,0,本科,1-3年,,北京优帆科技有限公司,D轮及以上,1024daf5042ed89214c98210bc6898e6,7565,数据服务,设计#视觉设计#UI设计师,40.0184,https://api.neituixiaowangzi.com/files/company/2017/10-30/012231888621276257.png,116.47321,10,20,0,150-500人,,青云,,,,开放,朝来科技园16号楼6-7层,,"职位描述：
不管你是 UI 设计师，视觉设计师还是交互设计师，我们的产品设计师需要参与整个产品设计的各个环节，沟通、思考、分析，给出有效的解决方案，为最终的产品负责。

工作职责
1、负责青云产品的整体设计工作，包括 Web & App 产品
2、在产品设计前期与前后端工程师沟通，理解产品目标及意义
3、负责产品的 UI 及部分视觉设计，输出高质量的设计
4、负责产品的交互设计。发散思维，分析竞品或从其他产品设计中获取灵感，为产品注入更合适、有效的交互、UI 展示及落地的解决方案
5、负责日常的产品更新及维护，不断提升产品的用户体验

职位要求
1、视觉或其他设计相关专业，热爱互联网产品和设计，宽阔的设计视野
2、2年以上 Web/App UI 或产品设计经验，对交互有较深的认识和研究
3、优秀的设计思维和表现，合理把控细节和全局，较强的逻辑思维及分析能力
4、良好的沟通和表达能力，较强的团队协作能力和自驱力

加分项：
1、有完整、成熟的产品设计经验
2、熟悉 HTML、CSS 等 Web 专业知识，了解云计算行业及产品功能",,UI 设计师 ,1513674346,0,76907b6639,http://www.qingcloud.com,
67,,深圳,南山区,广东,南山区科兴科学园A4单元,80a4bc4436ee20890313eb449fe8e77d,,0,5672bd2b3d1f7f64149e66852f515fec,33679,6c4b9ab84a,1511174860,1907,jingwen,,,0,0,本科,不限,,深圳市元诺科技有限公司,A轮,b33f84d3e7dd8cfda83f44a284b04e3e,355,移动互联网,设计#视觉设计#平面设计师,22.5483,https://api.neituixiaowangzi.com/files/company/2017/10-28/081301326691491402.png,113.94444,5,8,0,15-50人,,元诺科技,,,,开放,科兴科学园A4单元,,"工作内容:
1/ 负责项目平面设计方向视觉设计，包括运营专题、广告视觉、素材设计；
2/ 负责公司整体品牌形象的设计展现，负责企业文化建设相关视觉表现；
3/ 配合市场，完成公司各平台营销策划活动、品牌推广广告投放等创意设计。

职位要求：
1/ 对设计有自己独特的审美理念和表现力、艺术感知力，具备良好的色彩把握及整体构成运用能力，富有良好的创意灵感和创新能力；能根据项目需求进行各风格商业设计，美术类、设计类专业优先考虑；
2/ 对需求及文案有较强理解力，善于沟通、活泼主动，具备良好合作的态度及团队精神，对设计工作有热情、有责任心；
3/ 精通 PS、AI 等平面设计软件，了解 Flash、AE 等动画设计软件；
4/ 一年以上平面设计相关工作经验，应聘需提供近期设计作品集到邮箱",,平面设计,1513674311,1907,19ec3def49,,
68,,广州,天河区,广东,天河区御发商务中心2楼,2d384ee349f891eb1915090cb8a6fae3,public://avatar/2017/12-23/123310399763550539.png,0,c3c7d6949e1978d4cf80ceb8dcb7cc69,43637,652ad0a848,1513236224,3145,高旭,,,0,0,不限,3-5年,,上海益玩网络科技有限公司广州分公司,B轮,d4d95d987796ed5c301eccde906231f1,7030,游戏,设计#视觉设计#广告设计师,23.1191,https://api.neituixiaowangzi.com/files/company/2017/10-28/083822693503541670.jpg,113.37394,10,15,0,150-500人,,益玩游戏,,,,开放,御发商务中心,2楼,"职责：
1.根据投放计划和需求，构思创意并设计广告图片。

2.通过图片设计质量和创意，压制成本及提高用户质量。


工作要求：
1.大专以上学历，精通photoshop等设计软件。

2.熟悉移动端主流广告平台的设计规范，对游戏用户有一定见解。

3.较强的创新能力，优秀的团队协作能力。

4.有至少一年以上的游戏广告设计经验者。
",,资深广告设计师,1513236224,0,57a9d9e63f,http://www.ewan.cn,
69,,广州,天河区,广东,天河区御发商务中心2楼,2d384ee349f891eb1915090cb8a6fae3,public://avatar/2017/12-23/123310399763550539.png,0,c3c7d6949e1978d4cf80ceb8dcb7cc69,43637,652ad0a848,1513235922,3145,高旭,,,0,0,不限,1-3年,,上海益玩网络科技有限公司广州分公司,B轮,8051344330b683f25f5735a31b5e19f7,7027,游戏,设计#视觉设计#广告设计师,23.1191,https://api.neituixiaowangzi.com/files/company/2017/10-28/083822693503541670.jpg,113.37394,7,10,0,150-500人,,益玩游戏,,,,开放,御发商务中心,2楼,"职责：

1.根据投放计划和需求，构思创意并设计广告图片。

2.通过图片设计质量和创意，压制成本及提高用户质量。


工作要求：

1.大专以上学历，1年以上工作经验。

2.精通photoshop等设计软件。

3.了解移动端主流平台的设计规范，对游戏用户有一定见解。

4.较强的创新能力，优秀的团队协作能力。

5.有广告设计投放经验。
",,游戏广告设计师,1513235922,0,e9b62cb6ee,http://www.ewan.cn,
70,,广州,天河区,广东,天河区御发商务中心2楼,2d384ee349f891eb1915090cb8a6fae3,public://avatar/2017/12-23/123310399763550539.png,0,c3c7d6949e1978d4cf80ceb8dcb7cc69,43637,652ad0a848,1513235779,3145,高旭,,,0,0,本科,3-5年,,上海益玩网络科技有限公司广州分公司,B轮,48592854f4187de64d8e644433672cd0,7024,游戏,设计#视觉设计#原画师,23.1191,https://api.neituixiaowangzi.com/files/company/2017/10-28/083822693503541670.jpg,113.37394,10,18,0,150-500人,,益玩游戏,,,,开放,御发商务中心,2楼,"职责：
1、参与市场定位，对游戏进行包装，为市场部门提供专业意见，为市场策划的包装思路提供草稿。

2、结合游戏本身，对游戏内角色、怪物等进行商业宣传原画。

3、为设计组提供精修、高质量的原画素材。

工作要求：

1、本科,美院相关专业，3年以上相关工作经验。（年龄不限）

2、美术功底扎实，同时有设计创作能力。

3、精通Photoshop等相关绘图软件及手绘板的使用。

5、自我驱动力强，有良好的团队配合意识。

6、了解游戏，有游戏美术宣传工作经验者优先。

7、简历中请务必附带个人作品，一切以作品为前提。",,游戏原画（美宣）,1513235779,0,924388346f,http://www.ewan.cn,
71,,杭州,西湖区,浙江,西湖区浙商财富中心1号楼,,public://avatar/2017/12-23/123215696216547653.png,0,0b93a0798f0e5b837b414e7b15dc149a,0,aae548968c,1513218120,2698,姚嘉萍,,,0,0,本科,3-5年,,杭州时趣网络科技公司,D轮及以上,e1ce1765c8aa97f0b57721917a735b3b,6964,电子商务,设计#视觉设计#视觉设计师,30.27289,https://api.neituixiaowangzi.com/files/company/2017/12-06/210722918163448518.jpg,120.10047,15,20,0,500-2000人,,蘑菇街,,,,开放,浙商财富中心1号楼,,"职位描述：
隶属于美丽联合集团商业产品设计团队，参与电商活动、金融活动等设计，探索蘑菇街金融、百货小程序等视觉设计风格，制定合作流程规范、分享设计经验等工作；",,资深视觉设计师,1513218120,0,f96e41bae6,http://www.mogujie.com,
72,,杭州,西湖区,浙江,西湖区浙商财富中心1号楼,,public://avatar/2017/12-23/123215696216547653.png,0,0b93a0798f0e5b837b414e7b15dc149a,0,aae548968c,1513218076,2698,姚嘉萍,,,0,0,本科,1-3年,,杭州时趣网络科技公司,D轮及以上,35b1ea51714a19076311f713c3af26e1,6963,电子商务,设计#视觉设计#UI设计师,30.27289,https://api.neituixiaowangzi.com/files/company/2017/12-06/210722918163448518.jpg,120.10047,15,20,0,500-2000人,,蘑菇街,,,,开放,浙商财富中心1号楼,,"职位描述：
隶属于美丽联合集团商业产品设计团队，参与电商产品、金融产品等设计，探索蘑菇街金融、百货小程序等产品设计风格，制定合作流程规范、分享设计经验等工作；",,资深UI设计师 ,1513218076,0,65c5cdd9cd,http://www.mogujie.com,
73,,杭州,西湖区,浙江,西湖区浙商财富中心1号楼,,public://avatar/2017/12-23/123215696216547653.png,0,0b93a0798f0e5b837b414e7b15dc149a,0,aae548968c,1513218012,2698,姚嘉萍,,,0,0,本科,3-5年,,杭州时趣网络科技公司,D轮及以上,53c17d4fd13e6fd449461a871ec758e8,6961,电子商务,设计#交互设计#交互设计师,30.27289,https://api.neituixiaowangzi.com/files/company/2017/12-06/210722918163448518.jpg,120.10047,15,20,0,500-2000人,,蘑菇街,,,,开放,浙商财富中心1号楼,,"职位描述：
隶属于美丽联合集团商业产品设计团队，参与电商、金融产品等交互体验设计； 
1. 根据产品需求，完成流程、信息架构及原型设计； 
2. 组织易用性测试，提出改进方案，持续优化产品体验，提升业务数据； 
3. 跟踪线上产品体验，对所负责产品用户体验负责；",,资深用户体验/交互设计师,1513218012,0,431d49a673,http://www.mogujie.com,
74,,杭州,滨江区,浙江,滨江区江虹路 611 号上峰电商产业园3号楼3楼,94c05f75cae3a935676878b07076803e,public://avatar/2017/12-23/125749690964931335.png,0,fd21ccfbd1dd5c651f2adc016e2b05e4,12174,8953903f75,1512720724,99,耿娟,,,0,0,本科,1-3年,,观澜网络（杭州）有限公司,C轮,dc2c6370ce47e8604e7194d9d67fee13,6406,移动互联网,设计#交互设计#交互设计师,30.18808,https://api.neituixiaowangzi.com/files/company/2017/12-25/103425031785461512.png,120.19961,8,16,0,500-2000人,,丁香园,,,,开放,江虹路 611 号上峰电商产业园3号楼3楼,,"职位描述：
1、负责丁香医生移动产品交互设计、界面设计与视觉优化；
2、参与产品需求讨论和创意过程，提供视觉及交互设计建议；
3、熟知产品与用户，理解并独立完成移动产品需求，并且能够持续扩展及优化；
4、关注所负责产品的设计动向，为产品提供专业的设计意见。

任职条件：
1、本科及以上学历，1年以上移动产品 UI 设计经验，对 UI 设计去是又灵敏的触觉和领悟能力；
2、熟悉iOS/Android/小程序等各大平台的设计规范，关注用户体验设计；
3、熟练使用 Sketch、PS 等设计软件，有深厚的美术功底；
4、具有理性思考能力，能基于数据分析和用户洞察来设计产品；
5、具备良好的合作态度及团队精神，富有工作热情和创造力。

优先条件：
1、心理学、工业设计、人机交互、视觉传达相关专业者优先；
2、有业余时间独立完成的作品，并发布在个人 Dribbble 主页者优先；
【注意】简历中请务必附带作品集或个人作品主页！！！
「丁香医生」由中国最大的面向医生的专业性社会化网络「丁香园」出品，现有上百万人在使用丁香园提供的安全可靠的医疗信息服务，安装「丁香医生」，你可以：
1. 获得强大的「一站式」医药信息服务：咨询医生；搜疾病；搜药品。
2. 小毛小病，何必东奔西跑：搜医院；附近药店。
我们能提供什么：
1、舒适有趣的工作环境，融洽开放的工作氛围；
2、除了有竞争力的薪酬福利外，我们还提供可观的成长空间，我们是一个创业团队，你将有更多的机会挑战自己，收获未来；
3、获得工作与生活的平衡，我们提倡高效的工作效率；
4、关注员工健康，专业的医学同事，在健康方面可以给你专业的指导；
5、此外，我们还组织了许多体育社团，如羽毛球队、乒乓球队、台球队、篮球队、足球队、骑行队等，当然还有喝酒小分队供你选择。",,交互设计师,1512730080,1266,9eb512d2b6,http://www.dxy.cn/,
75,,上海,,上海,虹桥路500号中城国际大厦301,981fa720dcf87292938bb75d59e2d31c,public://avatar/2017/12-23/125749690964931335.png,0,fd21ccfbd1dd5c651f2adc016e2b05e4,12174,8953903f75,1512720727,99,耿娟,,,0,0,本科,1-3年,,观澜网络（杭州）有限公司,C轮,bf56b624f9f9f5e89c95704b39bb86c5,6458,移动互联网,设计#视觉设计#视觉设计师,30.994061,https://api.neituixiaowangzi.com/files/company/2017/12-25/103425031785461512.png,120.993464,4,8,0,500-2000人,,丁香园,,,,开放,虹桥路500号中城国际大厦301,,"岗位职责：
1、有独立的美工设计作图能力，能够负责整体创意平面设计，针对推广活动中所需的画面需求进行平面设计和延展工作，熟悉印刷制作工艺流程；
2、负责企业宣传资料的美工设计、编辑制作及更新、创新；
3、负责公司微信公众号、新浪微博等自媒体平台相关文章的日常图片设计和编辑；同时，协助文案策划同事进行发布、维护及管理等工作，协助文案策划同事利用微信公众平台、新浪微博、QQ群等，对公司的产品或服务进行推广；
4、协助分析微信运营数据，分析数据并反馈。

任职资格：
1、一年或以上平面设计/美工工作经验，本科或以上学历，优秀者可面议；
2、有互联网医疗行业经验优先考虑；
3、精通photoshop、llustrator、coredraw等图形软件；
4、有深厚的美术功底，具有较强的审美能力和创意设计能力，能清楚地表达设计理念；
5、热爱生活富有激情，具有团队合作精神及良好的沟通能力，能承受工作压力，富有责任心。",,设计专员,1512728456,1266,daaada8e44,http://www.dxy.cn/,
76,,杭州,,浙江,江虹路 611号上峰电商产业园3号楼3楼,cab933922cddaf0913d0ddefa2091f7f,public://avatar/2017/12-23/125749690964931335.png,0,fd21ccfbd1dd5c651f2adc016e2b05e4,12174,8953903f75,1512720732,99,耿娟,,,0,0,本科,1-3年,,观澜网络（杭州）有限公司,C轮,fa338f64be145db779315ee7f2a4a9b2,6521,移动互联网,设计#视觉设计#多媒体设计师,29.993662,https://api.neituixiaowangzi.com/files/company/2017/12-25/103425031785461512.png,119.993591,6,10,0,500-2000人,,丁香园,,,,开放,江虹路 611号上峰电商产业园3号楼3楼,,"岗位描述：
1、负责公司 MG 动画项目制作；
2、根据项目经理的需求，完成动画分镜头的绘制；
3、完成镜头分层素材的绘制，根据意见修改；
4、参与项目之中，与项目经理共同完成动画整体风格的把控完成输出成片；
5、根据要求按时完成领导指派的视频剪辑工作。   

 任职条件：
1、专科及以上学历，1年以上相关工作经验；
2、艺术设计、动画、影视传媒等相关专业，有良好的艺术感觉，包括色彩、构图等；
3、有 MG  动画制作经验优先，熟练掌握各类合成软件，如：Photoshop、Flash、Premiere、AfterEffect等，了解主流后期专业动态；
4、能够达到项目进度要求，解决MG动画相关制作问题，拒绝拖延症。    投递简历时请附带作品或链接。    ",,MG动画高级制作师,1512725235,1266,5f8bcc5bf7,http://www.dxy.cn/,
77,,杭州,滨江区,浙江,滨江区江虹路 611 号上峰电商产业园3号楼3楼,4b3c088d62b82d704dfed0e352c4a339,public://avatar/2017/12-23/125749690964931335.png,0,fd21ccfbd1dd5c651f2adc016e2b05e4,12174,8953903f75,1512720734,99,耿娟,,,0,0,本科,1-3年,,观澜网络（杭州）有限公司,C轮,0c1f544493f70f03f905b4753a994020,6543,移动互联网,设计#视觉设计#游戏角色,30.18808,https://api.neituixiaowangzi.com/files/company/2017/12-25/103425031785461512.png,120.19961,6,10,0,500-2000人,,丁香园,,,,开放,江虹路 611 号上峰电商产业园3号楼3楼,,"1、负责公司 MG 动画项目制作；
2、根据项目经理的需求，完成动画分镜头的绘制；
3、完成镜头分层素材的绘制，根据意见修改；
4、参与项目之中，与项目经理共同完成动画整体风格的把控完成输出成片；
5、根据要求按时完成领导指派的视频剪辑工作。

任职条件：
1、专科及以上学历，1年以上相关工作经验；
2、艺术设计、动画、影视传媒等相关专业，有良好的艺术感觉，包括色彩、构图等；
3、有 MG 动画制作经验优先，熟练掌握各类合成软件，如：Photoshop、Flash、Premiere、AfterEffect等，了解主流后期专业动态；
4、能够达到项目进度要求，解决MG动画相关制作问题，拒绝拖延症。投递简历时请附带作品或链接。",,MG动画高级制作师,1512723764,1266,ff105c7e39,http://www.dxy.cn/,
78,,北京,东城区,北京,东城区中汇广场B座,36754ffe730ed40074eaa03e09b53d0f,public://avatar/2017/12-23/123210710644258293.png,0,ad0e7e0a0e501ccba4c89e2999e3a376,297,e80314f4f3,1512531489,2659,郑坚义,,,0,0,不限,不限,,北京创锐文化传媒有限公司,已上市,d9778e4453b281850d471709472e66f4,731,电子商务,设计#视觉设计#视觉设计师,39.93459,https://api.neituixiaowangzi.com/files/company/2017/10-28/081443531649764603.png,116.43274,12,24,0,2000人以上,,聚美优品,,,,开放,中汇广场B座,,"岗位职责

1. 负责街电 app、小程序、h5 等客户端的 UI 设计
2. 负责街电推广、运营活动页面的视觉设计
3. 负责街电线下物料的视觉设计

岗位要求

1. 无工作年限要求，一切用作品说话
2. 精通 Sketch、Photoshop 等绘图软件
3. 具备插画、字体、动效、或三维设计能力者优先
4. 由衷地热爱设计、有学习自驱力、喜欢不断尝试及突破新的设计风格
",,街电高级视觉设计师,1512531750,0,99f287f0fe,http://www.jumei.com,
79,,上海,闵行区,上海,闵行区永腾大厦701a,9409e81a0822d1b827596e11430ae917,public://avatar/2017/12-23/123204854606873931.png,0,0434fbec0fb3d34ee0b539690ca0854c,26846,aca410721b,1512379981,2624,leona,,,0,0,专科,不限,,上海太微文化传播有限公司,天使轮,1793fdcc3416507959a9620646a1b9ee,686,移动互联网,设计#视觉设计#插画师,31.17653,https://api.neituixiaowangzi.com/files/company/2017/10-28/081117036669672667.jpg,121.38752,6,8,0,15-50人,,太微,,,,开放,永腾大厦,701a,"岗位职责：
1、负责公司移动互联网产品、节目、出版书籍、相关课程插画配图设计。
2、针对不同的项目和主题，绘出相应的漫画、插画设计；
3、能根据项目的概念方向独立进行创意设计。

任职要求：
1、广告、视觉传达、国画等相关专业大专及以上学历；
2、对中国传统文化和互联网文化有兴趣；其风格符合年轻人审美，擅长Q版人物设计；有国画基础和条漫绘制经验的优先。
3、有较好的美感和色感，有一定镜头感、丰富的想象力，可以根据项目的要求确定插画风格并绘制，对整体绘图有自己独特的审美理念和表现力；
3、良好沟通能力和理解能力，极强的工作责任心和良好的团队协作精神；
4、熟练使用熟练使用手绘板及相关软件（如PS/Sai/AI/…）；
6、简历务必附上漫画/插画/动画/平面作品。",,漫画师,1512458094,2624,e60be3fc90,https://mp.weixin.qq.com/profile?src=3&timestamp=1506071935&ver=1&signature=qq7rlFzasoswvplmYcEyf*Lyh3*UkJawFQCOXs1FxEYm7eDGDXejRIVI1ftV7rrDVeCMvcAVAEavE7KUnLY1JA==,
80,,上海,闵行区,上海,闵行区永腾大厦701a,9409e81a0822d1b827596e11430ae917,public://avatar/2017/12-23/123204854606873931.png,0,0434fbec0fb3d34ee0b539690ca0854c,26846,aca410721b,1512379933,2624,leona,,,0,0,专科,不限,,上海太微文化传播有限公司,天使轮,a196fbec2e8dd99109d32958619d66b1,685,移动互联网,设计#视觉设计#包装设计,31.17653,https://api.neituixiaowangzi.com/files/company/2017/10-28/081117036669672667.jpg,121.38752,6,8,0,15-50人,,太微,,,,开放,永腾大厦,701a,"岗位职责
1、 协助完成现有产品外包装设计、打样、成品的整个过程；
2、 负责新产品的创意、设计、排版；
详细要求：
1、设计相关专业毕业生，有较好美术基础，会手绘板优先考虑；
2、熟练使用AI、PS等平面设计软件，了解常规包装印刷工艺和流程，有相关经验者先考虑；
3、思维活跃，有创意，审美好！；
4、善于沟通，做事积极主动，勤奋踏实，有团队合作精神
",,包装设计,1512379933,0,602c6de864,https://mp.weixin.qq.com/profile?src=3&timestamp=1506071935&ver=1&signature=qq7rlFzasoswvplmYcEyf*Lyh3*UkJawFQCOXs1FxEYm7eDGDXejRIVI1ftV7rrDVeCMvcAVAEavE7KUnLY1JA==,
81,,杭州,,浙江,江虹路459号英飞特基地B幢5楼,cc8b43fdaaddf86303a316bafac006ee,public://avatar/2017/12-23/125817166223905980.png,0,459913b21c76d56b63553c1c55f93565,63,72e63d0faa,1511789314,127,金姣,,,0,0,本科,1-3年,,杭州旦悦科技有限公司,B轮,c46c9522cb7027a186be79b041581069,558,教育培训,设计#视觉设计#原画师,30.19274174,https://api.neituixiaowangzi.com/files/company/2017/08-08/231627019231015885.jpg,120.2028167,8,10,0,500-2000人,,abc360,,,,开放,江虹路459号英飞特基地B幢5楼,,"职位描述：
工作职责：
1.根据游戏内容和题材设定游戏场景并绘制（场景为主，欧美Q版风格，少量角色）。
2.根据给定的游戏题材、气氛要求，设计和绘制游戏场景、角色概念图；游戏气氛图； 游戏海报。

职位要求：
1.热爱游戏动漫事业，狂热的游戏爱好者加分；
2.时尚触觉敏锐、对颜色敏感；
3.强烈的团队合作意识、协作精神和敬业精神，吃苦耐劳，能承受一定的工作压力；
4.熟悉各种游戏美术风格，具有扎实的美术功底和造型设计能力；
5.熟悉掌握photoshop、Painter等绘画软件；
6.一年以上网游或者手游原画工作经验者优先；
7.应聘者请提供简历及近期作品。",,场景原画师,1511792888,1032,282c0f9890,www.abc360.com,
82,,杭州,,浙江,江虹路459号英飞特基地B幢5楼,da224416412636ad8f57edbce3df3bbf,public://avatar/2017/12-23/125817166223905980.png,0,459913b21c76d56b63553c1c55f93565,63,72e63d0faa,1511789316,127,金姣,,,0,0,本科,3-5年,,杭州旦悦科技有限公司,B轮,1a8afc840792f92bbbee4822a9d35240,584,教育培训,设计#交互设计#交互设计师,30.19274174,https://api.neituixiaowangzi.com/files/company/2017/08-08/231627019231015885.jpg,120.2028167,8,15,0,500-2000人,,abc360,,,,开放,江虹路459号英飞特基地B幢5楼,,"岗位职责： 
1. 负责公司软件系统的UI设计； 
2. 负责产品视觉标准、用户体验设计指南、规范的建立和维护，并推动执行；
3. 参与客户端产品、web产品的整体设计规划，负责产品的交互方案，保证产品的可用性；

任职资格： 
1. 3年以上产品交互、视觉设计经验，具备成熟方法论； 
2. 了解移动产品设计流行趋势，熟悉各端的设计规范与异同点； 
3. 善于平衡产品目标和用户体验，坚持价值理念并灵活寻找解决方案； 
4. 强逻辑思维能力，熟练掌握需求分析和用户体验分析的技能； 
5. 优秀的沟通能力，高效的执行力，靠谱的责任心； 
6. 有视觉设计或前端技术开发经验者优先； 
7. 人机交互、工业设计、视觉艺术等设计类专业或计算机专业优先。",,交互设计师,1511792001,1032,d0ed983701,www.abc360.com,
83,,杭州,滨江区,浙江,滨江区江虹路459号英飞特基地B幢5楼,4f88d1c40e109a1a06aaca72045e0938,public://avatar/2017/12-23/125817166223905980.png,0,459913b21c76d56b63553c1c55f93565,63,72e63d0faa,1511789317,127,金姣,,,0,0,本科,1-3年,,杭州旦悦科技有限公司,B轮,2d6eae61ffe60e80189993f9bb8a5a61,590,教育培训,设计#视觉设计#Flash设计师,30.19274174,https://api.neituixiaowangzi.com/files/company/2017/08-08/231627019231015885.jpg,120.2028167,7,9,0,500-2000人,,abc360,,,,开放,江虹路,459号英飞特基地B幢5楼,"负责项目的剧情动画分镜，拍摄以及动画资源的相关制作，包括场景展示镜头及相关游戏展示的相关内容。

岗位要求:
1.需要一定的游戏动画设计能力，学习和理解能力，可以快速熟悉引擎动画编辑工具；
2.专业上需要具备对故事的叙事能力，组织情节的能力，造型能力，最好具备一定的文学基础；
3.要求对镜头的运用，构图取景，后期处理等达到熟练程度；
4.热爱游戏，有良好的团队合作意识，沟通明确顺畅有效，有责任感，有一定的抗压能力。    ",,动画设计师,1511791250,1032,4d5057479c,www.abc360.com,
84,,杭州,滨江区,浙江,滨江区江虹路459号英飞特基地B幢5楼,1c3dbc904f84aad82e344885340988b6,public://avatar/2017/12-23/125817166223905980.png,0,459913b21c76d56b63553c1c55f93565,63,72e63d0faa,1511789318,127,金姣,,,0,0,本科,1-3年,,杭州旦悦科技有限公司,B轮,8437f82d9c7007ffbda756688ffc856b,604,教育培训,设计#视觉设计#Flash设计师,30.19274174,https://api.neituixiaowangzi.com/files/company/2017/08-08/231627019231015885.jpg,120.2028167,7,9,0,500-2000人,,abc360,,,,开放,江虹路,459号英飞特基地B幢5楼,"岗位职责：
1、根据要求，独立使用Spine软件完成骨骼动画制作；
2、依据脚本内容，独立设计制作青少年英语教学动画；
3、根据要求，独立进行视频剪辑、动效制作等；

任职要求：
1、动画、影视后期、艺术设计类相关专业优先；
2、熟练操作Spine、AE、PS、Ai等软件，会使用Flash软件优先考虑；
3、1-3年动画或影视后期相关工作经验；
4、有青少年动画制作经验、熟悉青少年喜欢绘画风格者优先；
5、工作细心、乐观好学、具有团队精神；",,spine动画设计师,1511789476,1032,00afbb1eab,www.abc360.com,
85,,上海,黄浦区,上海,黄浦区巨鹿路417号欣广大厦5楼,,,0,8203a55ce92e970caf4ef0bf683e987c,0,ab0b87fc0d,1511351441,627,葛婷,,,0,0,本科,1-3年,,上海一条网络科技有限公司,B轮,389d997179fc54498e477b8a5a905c39,388,电子商务,设计#视觉设计#美工,31.222057,https://api.neituixiaowangzi.com/files/company/2017/08-08/113735191701287195.jpg,121.457585,8,10,0,150-500人,,一条视频,,,,开放,巨鹿路417号欣广大厦5楼,,"职位描述：
1、 熟练使用各类摄影器材，包括灯光运用。对产品陈列、色彩搭配和拍摄创意企划有想法，有热情，爱钻研。
能适应各种拍摄条件，可独立完成拍摄任务；
2、 对产品摆拍有较好的认知和掌控能力，要有较强的审美意识及较高的综合把握能力和协调能力；
3、为策划拍摄主题提供专业的意见，能够突出产品的卖点，构图优美！
4、管控产品拍摄和后期美化，图片与实物色彩、构图、细节等方面校对；
5、负责摄影棚里灯光设备和摄影器材的维护。

工作要求：
1、本科毕业，两年以上产品拍摄工作经验优先考虑；
2、精通ps排版设计的优先；
3、精通电商小物件拍摄优先。
4、了解一条-生活馆的拍摄风格优先。
请先关注公众号“一条”-生活馆的拍摄风格，面试前需提供作品链接或少量优秀作品。",,电商摄影师,1511351441,0,05e5773fec,http://yit.com,
86,,上海,静安区,上海,静安区石门二路街道凯迪克大厦,,,0,abafb7b4452d6308170364cfaf029d36,0,30b297e7fb,1511349136,517,李燕,,,0,0,本科,5-10年,,上海墨果资产管理有限公司,C轮,a091d65439da8c28510acee1406f666e,376,移动互联网,设计#交互设计#交互设计师,31.231589,https://api.neituixiaowangzi.com/files/company/2017/10-28/081201840071974515.png,121.45477,20,30,0,500-2000人,,蘑菇租房,,,,开放,石门二路街道凯迪克大厦,,"工作内容：
1.负责蘑菇伙伴端APP、WEB端的交互设计工作
2.主导重要产品的交互设计工作，从需求产生到交互设计输出、再到设计验证和上线全产品生命周期，保证交互设计的完整落地
3.把握行业趋势，熟悉IOS、Android、WED端的交互设计规范，为蘑菇伙伴端各产品线梳理和制定高质量的交互设计规范
4.保持对用户的定期访谈和数据验证，为产品需求侧提供富有创新的解决方案
5.能够定期积极分享设计专业知识，着力提高交互团队的设计业务水准，配合UED总监对团队的建设和管理
6.具有服务设计思维，能够帮助产品设计出高质量的交互方案，提高产品用户体验质量，能良好的积极有效的沟通产品、GUI、研发同事，保证产品高体验水准的输出

任职能力：
全日制本科及以上学历，相关美术设计、工业设计专业出身，具备5年以上的设计经历，拥有亲自设计的成功案例
熟悉设计类工具，如Axure、Sketch、AE、AI、PS等软件，能利用工具设计出高质量的交互设计文档。
具有服务设计的方法，并有实事经验者为佳，互联网行业为好
善于设计总结，优秀的设计沟通能力，能够有效的沟通产品、GUI、研发等协同工种，行之有效的将设计方案落实到上线
热爱生活、热爱设计、有设计激情和追求，对设计的实现过程有执著的推进力，善于挑战新事物。
",,交互设计专家,1511349136,0,37405a5330,http://www.mogoroom.com,
87,,武汉,武昌区,湖北,武昌区天鹅路6号,e54cbf51e876a0dd3a6a5f5ed378b82d,public://avatar/2017/12-25/090455323127648629.png,0,621901365e6ef832f347a96bcef8af4a,230,77be86dd50,1510821776,221,文程,,,0,0,专科,1-3年,,湖北中亿众联互联网科技有限公司,未融资,3cc4808d231c589866abb1e4e84ed0eb,310,移动互联网,设计#视觉设计#UI设计师,30.54242,,114.3536,4,5,0,15-50人,,中亿众联,,,,开放,天鹅路6号,,"产品界面设计
",,UI设计师,1510884273,221,b9eb264c76,,
88,,深圳,南山区,广东,南山区南山区政府楼田厦翡翠明珠写字楼2101,710c7e39c4bf0850a69237a6ce0bc476,public://avatar/2017/12-28/171545267903352926.png,0,7d971e1f665148dd67485df10bb4e2b3,86,4320172f6b,1507702411,1054,Coder,,,0,0,专科,1-3年,,深圳图谱人文科技有限公司,天使轮,072105a237c5f4521b4bd2888d354caa,80,电子商务,设计#视觉设计#视觉设计师,47.32077,https://api.neituixiaowangzi.com/files/company/2017/12-25/103317394480501104.png,130.27658,8,12,0,15-50人,,TAPOLE,,,,开放,南山区政府楼,田厦翡翠明珠写字楼2101,"职位概览

TAPOLE 是一个热爱设计的团队，所以你的专业意见会得到充分的重视。

我们理想中的空间设计师：拥有多年的美术功底，积淀了良好的审美和创意能力。热爱空间设计，能够结合 TAPOLE 的气质，参与设计整个品牌的零售空间设计。

 

工作职责

结合企业理念、用户需求和产品工业设计，参与建立与之匹配的整套空间设计系统，并持续优化。

 

关键素质

1-3 年空间设计的工作经验，曾经参与构建过完整的零售空间系统。

良好的沟通和协作能力，善于向非设计工作者表达设计。

富于创新，思维活跃，有丰富的设计理论知识和对流行趋势敏锐的洞察力；有浓厚兴趣关注互联网产品的发展。

 

优先条件

有出色的作品，能够在国际舞台的竞技中获得荣誉。

有顶级设计院校，一流设计工作室的相关经历。",,空间设计,1507702411,0,241a6a81df,www.tapole.cn,
89,,深圳,南山区,广东,南山区南山区政府楼田厦翡翠明珠写字楼2101,710c7e39c4bf0850a69237a6ce0bc476,public://avatar/2017/12-28/171545267903352926.png,0,7d971e1f665148dd67485df10bb4e2b3,86,4320172f6b,1507702282,1054,Coder,,,0,0,本科,5-10年,,深圳图谱人文科技有限公司,天使轮,dfc6ead79b12a0ad3e6675b850055cc6,79,电子商务,设计#高端设计职位#设计总监,47.32077,https://api.neituixiaowangzi.com/files/company/2017/12-25/103317394480501104.png,130.27658,15,20,0,15-50人,,TAPOLE,,,,开放,南山区政府楼,田厦翡翠明珠写字楼2101,"职位概览

TAPOLE 是一个热爱设计的团队，所以你的专业意见会得到充分的重视。

我们理想中的空间设计总监：拥有多年（我们一般认为是 10 年以上）的美术功底，积淀了良好的审美和创意能力。热爱空间设计，能够结合 TAPOLE 的气质，领导整个品牌的零售空间设计。

 

工作职责

结合企业理念、用户需求和产品工业设计，建立与之匹配的整套空间设计系统，并持续优化。

组建一支卓越的空间设计团队。

 

关键素质

5 年以上空间设计的工作经验，曾经构建过完整的零售空间系统。

良好的沟通和协作能力，善于向非设计工作者表达设计。

富于创新，思维活跃，有丰富的设计理论知识和对流行趋势敏锐的洞察力；有浓厚兴趣关注互联网产品的发展。

 

优先条件

有出色的作品，能够在国际舞台的竞技中获得荣誉。

有顶级设计院校，一流设计工作室的相关经历。",,空间设计总监,1507702282,0,6869549989,www.tapole.cn,
90,,深圳,南山区,广东,南山区南山区政府楼田厦翡翠明珠写字楼2101,710c7e39c4bf0850a69237a6ce0bc476,public://avatar/2017/12-28/171545267903352926.png,0,7d971e1f665148dd67485df10bb4e2b3,86,4320172f6b,1507701292,1054,Coder,,,0,0,本科,5-10年,,深圳图谱人文科技有限公司,天使轮,2cc6242e1bb1257c1010a6ae87373e90,77,电子商务,设计#高端设计职位#设计总监,47.32077,https://api.neituixiaowangzi.com/files/company/2017/12-25/103317394480501104.png,130.27658,15,20,0,15-50人,,TAPOLE,,,,开放,南山区政府楼,田厦翡翠明珠写字楼2101,"职位概览

TAPOLE 是一个热爱设计的团队，所以你的专业意见会得到充分的重视。

我们理想中的平面设计师：拥有多年（譬如 10 年）的美术功底与良好的创意能力，对平面设计有着敏锐的直觉和悟性。能够结合 TAPOLE 的气质，领导整个品牌的视觉设计，把控 TAPOLE 所有的平面视觉设计。

 

工作目标

结合企业理念、用户需求和产品工业设计，建立与之匹配的整套平面视觉系统，并持续优化。

 

关键素质

5 年以上平面设计的工作经验，曾经构建过完整的品牌视觉系统。

良好的沟通和协作能力，善于向非设计工作者表达设计。

富于创新，思维活跃，有丰富的设计理论知识和对流行趋势敏锐的洞察力；有浓厚兴趣关注互联网产品的发展。

精通 Photoshop、Illustrator、手绘、摄影等创作方式。

 

优先条件

喜欢眼镜产品，了解眼镜用户心理，有互联网行业平面设计经验者优先。

有出色的作品集，能够在国际舞台的竞技中获得荣誉。

有顶级设计院校，一流设计工作室的相关经历。",,视觉设计总监,1507701292,0,81dc102295,www.tapole.cn,
91,,深圳,南山区,广东,南山区南山区政府楼田厦翡翠明珠写字楼2101,710c7e39c4bf0850a69237a6ce0bc476,public://avatar/2017/12-28/171545267903352926.png,0,7d971e1f665148dd67485df10bb4e2b3,86,4320172f6b,1507000951,1054,Coder,,,0,0,本科,1-3年,,深圳图谱人文科技有限公司,天使轮,a7cca44ca7d821c668a14d940ec346c9,72,电子商务,设计#视觉设计#视觉设计师,47.32077,https://api.neituixiaowangzi.com/files/company/2017/12-25/103317394480501104.png,130.27658,8,12,0,15-50人,,TAPOLE,,,,开放,南山区政府楼,田厦翡翠明珠写字楼2101,"职位概览
TAPOLE 是一个热爱设计的团队，所以你的专业意见会得到充分的重视。
我们理想中的平面设计师：拥有多年的美术功底与良好的创意能力，对平面设计有着敏锐的直觉和悟性。能够结合 TAPOLE 的气质，参与整个品牌的视觉设计。

工作目标
结合企业理念、用户需求和产品工业设计，参与建立与之匹配的整套平面视觉系统，并持续优化。

关键素质
1-3 年平面设计的工作经验，曾经参与构建过完整的品牌视觉系统。
良好的沟通和协作能力，善于向非设计工作者表达设计。
富于创新，思维活跃，有丰富的设计理论知识和对流行趋势敏锐的洞察力；有浓厚兴趣关注互联网产品的发展。
精通 Photoshop、Illustrator、手绘、摄影等创作方式。

优先条件
喜欢眼镜产品，了解眼镜用户心理，有互联网行业平面设计经验者优先。
有出色的作品集，能够在国际舞台的竞技中获得荣誉。
有顶级设计院校，一流设计工作室的相关经历。",,视觉设计师,1507700698,1054,3c2f0a9097,www.tapole.cn,
92,,上海,黄浦区,上海,黄浦区巨鹿路417号欣广大厦5楼,8d2bd03989ad9cef2d202b26cb43ec4c,,0,8203a55ce92e970caf4ef0bf683e987c,59,ab0b87fc0d,1502164820,627,葛婷,,,0,0,本科,5-10年,,上海一条网络科技有限公司,B轮,9cca3552be7b0c53125069b9224bdce6,10,电子商务,设计#视觉设计#视觉设计师,31.222057,https://api.neituixiaowangzi.com/files/company/2017/08-08/113735191701287195.jpg,121.457585,15,25,0,150-500人,,一条视频,,,,开放,巨鹿路417号欣广大厦5楼,,"岗位职责：
1、 负责互联网及移动端产品的交互设计工作；
2、 通过设计文档（如故事板、线框图等），将设计意图和创意精准地表达出来；
3、 制定产品信息架构、界面布局、功能引导、操作流程等优化方案，提升店铺页面的易用性。
4、 与运营、产品经理合作，协助视觉设计师和开发人员完成产品的最终实现；
5、 负责产品的持续优化，不断提升用户满意度。

任职要求：
1、人机交互、心理学、软件工程、工业设计、多媒体、交互设计、视觉传达或相关设计学科的学历
2、有良好的口头表达能力和跨团队协作能力
3、3年以上相关工作经验，熟悉用户体验的研究方法和设计开发工具
4、对互联网和移动技术有强烈兴趣，熟悉EC页面的设计趋势，具有较强的商业灵敏度和审美标准；
5、 具有良好的沟通和团队合作能力，原意保持移动、迎接挑战",,UX/UE设计 ,1502164820,0,72e1ec217f,http://yit.com,
93,,上海,黄浦区,上海,黄浦区巨鹿路417号欣广大厦5楼,8d2bd03989ad9cef2d202b26cb43ec4c,,0,8203a55ce92e970caf4ef0bf683e987c,59,ab0b87fc0d,1502164535,627,葛婷,,,0,0,本科,3-5年,,上海一条网络科技有限公司,B轮,06c6b3debaf784aeb9699c77ed7169fa,9,电子商务,设计#视觉设计#视觉设计师,31.222057,https://api.neituixiaowangzi.com/files/company/2017/08-08/113735191701287195.jpg,121.457585,10,20,0,150-500人,,一条视频,,,,开放,巨鹿路417号欣广大厦5楼,,"岗位职责：
1、负责移动端设备的交互设计并能够对产品原型进行高保真视觉还原；
2、参与产品界面整体风格设计的规划，包括图形、图标、动画等设计工作；
3、深入了解用户和产品需求，优化产品视觉设计，提升产品的用户体验；

任职要求：
1、UI设计、平面设计、视觉传达、广告设计等相关专业以及多年从业经验（有电商工作经验优先，有独立作品优先）；
2、 热衷于界面设计与移动设备研究，对于界面设计具有一定的理解与分析能力；
3、具备设计表达能力与沟通交流能力；
4、良好的团队合作精神，并附有工作激情和责任感；
5、交互设计相关经验，熟练使用sketch、Photoshop、Illustrator、aftereffects；
6、良好的沟通协调能力以及团队合作精神，能按时、高质量地完成工作任务。",,UI设计师 ,1502164535,0,00e5887205,http://yit.com,
